,v_e,r_v_e,m_e,r_m_e,t_sigma,s_sigma
0,371.62537,0.06135131,8576.215,19.118692,1,0.1
1,404.1947,0.050440308,6259.4927,14.109488,1,0.1
2,255.2605,0.0405743,7346.676,15.884778,1,0.1
3,165.30634,0.030019734,2559.216,6.360461,1,0.1
4,300.6006,0.057941735,2183.5227,4.984227,1,0.1
5,389.62512,0.054368313,4915.0728,10.192462,1,0.1
6,160.17603,0.027670301,3392.14,8.690267,1,0.1
7,133.00842,0.023935163,2232.393,5.52582,1,0.1
8,307.1778,0.06007491,2584.8447,5.9738812,1,0.1
9,157.0044,0.024146726,6358.3057,14.8972845,1,0.1
10,214.26959,0.04022758,1950.5859,4.800535,1,0.1
11,115.71881,0.020968972,1892.013,4.3716707,1,0.1
12,249.88696,0.037938554,8215.048,19.335598,1,0.1
13,211.6847,0.03216242,5936.283,13.144268,1,0.1
14,280.5055,0.047443517,5001.3965,12.037259,1,0.1
15,37.2782,0.0050036665,4871.8994,11.192645,1,0.1
16,66.526245,0.008790947,4906.7964,11.123303,1,0.1
17,495.30847,0.068382666,5301.616,12.444915,1,0.1
18,343.64624,0.06364636,3619.487,8.450804,1,0.1
19,37.30481,0.005235651,3322.6587,7.762958,1,0.1
20,175.13684,0.030108623,4352.2935,9.951335,1,0.1
21,200.89221,0.03271774,7040.237,15.719052,1,0.1
22,70.582275,0.010380761,6527.203,16.331879,1,0.1
23,314.5492,0.049861383,7721.971,16.257978,1,0.1
24,36.94751,0.005285714,2397.4558,5.3854938,1,0.1
25,163.72546,0.030048871,1777.8362,4.3105516,1,0.1
26,814.51514,0.1281304,5268.521,10.938241,1,0.1
27,258.82324,0.05011218,2934.7935,6.3626,1,0.1
28,355.3922,0.07167075,4426.5977,9.160645,1,0.1
29,147.31458,0.024038855,6050.079,12.436755,1,0.1
30,347.484,0.061189972,3750.184,8.714551,1,0.1
31,102.13794,0.01828591,1479.075,3.2427492,1,0.1
32,0.37213135,6.4737505e-05,558.02527,1.2203517,1,0.1
33,38.03369,0.005584715,3609.5845,8.737787,1,0.1
34,31.037048,0.0055690915,939.21576,2.2940776,1,0.1
35,29.607666,0.004217142,1940.7916,4.7817087,1,0.1
36,143.0398,0.023064733,5117.168,10.524344,1,0.1
37,222.93274,0.03931632,3124.4836,7.323334,1,0.1
38,47.672974,0.0068470156,4868.073,11.587354,1,0.1
39,100.173645,0.018886114,1969.0281,4.1553583,1,0.1
40,6.5560913,0.0011289716,911.9024,2.1925845,1,0.1
41,268.46875,0.042142753,8187.3984,19.586346,1,0.1
42,213.86609,0.035873078,4222.927,9.550202,1,0.1
43,95.041016,0.015285593,5528.986,12.16538,1,0.1
44,99.41809,0.013710379,6589.8506,15.551178,1,0.1
45,74.36853,0.009500148,7486.6924,18.28284,1,0.1
46,0.25720215,4.1518313e-05,813.5526,1.8026122,1,0.1
47,4.220459,0.00063202134,1294.4402,3.0969698,1,0.1
48,90.16278,0.016253611,1789.2346,4.2003036,1,0.1
49,27.544067,0.0039844364,2170.2434,4.898449,1,0.1
0,327.74304,0.054106817,8556.15,17.207043,1,1.0
1,436.6006,0.054484304,6709.6724,13.90348,1,1.0
2,232.06482,0.036887288,8385.208,16.41007,1,1.0
3,125.02289,0.022704234,2189.983,4.725276,1,1.0
4,246.21997,0.047459695,3665.666,7.5358663,1,1.0
5,1353.4065,0.18885443,4986.772,9.546461,1,1.0
6,121.67529,0.021019327,2981.3916,6.752811,1,1.0
7,76.078186,0.01369044,1728.6387,3.8597806,1,1.0
8,275.55,0.053889442,3667.1963,7.6517158,1,1.0
9,124.69946,0.01917834,5934.152,11.591627,1,1.0
10,182.98181,0.034353524,2629.7039,5.5726976,1,1.0
11,96.12799,0.017418994,1878.153,3.6417596,1,1.0
12,217.44214,0.03301269,7698.1177,15.5175,1,1.0
13,209.16711,0.03177991,4746.2666,9.447249,1,1.0
14,273.65063,0.046284117,5304.596,10.65241,1,1.0
15,60.81189,0.008162476,4340.309,8.308752,1,1.0
16,85.70886,0.011325787,4486.5337,8.368035,1,1.0
17,484.85168,0.06693899,5141.6196,11.2676525,1,1.0
18,303.3275,0.05617897,4752.738,9.356189,1,1.0
19,42.59778,0.005978508,3167.3608,6.523077,1,1.0
20,160.58044,0.027606161,3678.1587,7.2947392,1,1.0
21,179.7959,0.029281948,6687.4546,13.664403,1,1.0
22,57.15918,0.008406583,6222.6807,14.458289,1,1.0
23,341.6543,0.054158002,6577.748,12.211089,1,1.0
24,43.239258,0.006185812,2675.494,5.378514,1,1.0
25,118.31677,0.02171492,1734.3492,3.7675683,1,1.0
26,82.17859,0.012927416,3878.9014,7.3002577,1,1.0
27,233.3125,0.045172907,3645.1748,6.856949,1,1.0
28,322.7141,0.065080665,5282.886,10.429501,1,1.0
29,113.30298,0.018488828,4732.3706,8.982801,1,1.0
30,300.4757,0.052912075,5638.419,11.665354,1,1.0
31,59.09326,0.010579556,1263.3147,2.580558,1,1.0
32,0.3770752,6.559756e-05,769.87634,1.4429684,1,1.0
33,59.859375,0.008789511,3501.3784,7.467736,1,1.0
34,4.1289062,0.0007408648,1105.7,2.3102136,1,1.0
35,31.371216,0.0044683316,1835.4746,3.9704337,1,1.0
36,128.75073,0.020760665,3839.54,7.437299,1,1.0
37,212.31616,0.037443984,3660.7178,7.9361353,1,1.0
38,15.71936,0.0022576882,4545.0864,9.455728,1,1.0
39,34.692566,0.00654072,1555.2429,2.9330304,1,1.0
40,0.8305664,0.00014302513,932.2245,1.887865,1,1.0
41,313.5559,0.04922029,6613.3047,13.676105,1,1.0
42,194.8628,0.03268554,3644.0,7.6459484,1,1.0
43,58.300293,0.009376527,4118.454,8.012293,1,1.0
44,189.65967,0.026155258,4787.8955,10.050882,1,1.0
45,87.69519,0.011202551,6297.661,13.357558,1,1.0
46,0.3128662,5.0503764e-05,752.8618,1.4233441,1,1.0
47,5.0369873,0.00075429794,1187.6036,2.6593487,1,1.0
48,43.69867,0.007877543,1776.0682,3.4488697,1,1.0
49,31.378662,0.004539137,2073.4644,4.139147,1,1.0
0,336.3401,0.055526093,9306.774,18.67971,1,10.0
1,456.19946,0.05693009,6507.539,13.463795,1,10.0
2,248.55981,0.03950921,8292.512,16.194996,1,10.0
3,118.74518,0.021564199,2048.1099,4.404903,1,10.0
4,439.47192,0.08470963,1836.482,3.767902,1,10.0
5,424.07275,0.059175137,4358.1934,8.329757,1,10.0
6,131.37134,0.022694312,2715.0503,6.1299734,1,10.0
7,105.091675,0.018911483,1640.0767,3.6542745,1,10.0
8,296.93817,0.05807234,3817.9355,7.9448304,1,10.0
9,159.85962,0.02458585,5857.798,11.390372,1,10.0
10,182.6648,0.034294005,2690.5488,5.6798506,1,10.0
11,60.338318,0.01093368,1813.8114,3.5022037,1,10.0
12,236.15674,0.035853993,6564.1333,13.187597,1,10.0
13,219.31677,0.033322003,4726.8022,9.387334,1,10.0
14,273.088,0.046188958,5757.1797,11.511038,1,10.0
15,61.59607,0.008267732,4332.5938,8.257119,1,10.0
16,85.79578,0.011337272,4490.608,8.333027,1,10.0
17,425.90063,0.058800165,5476.7256,11.985531,1,10.0
18,337.54932,0.06251715,4420.0366,8.661545,1,10.0
19,42.86206,0.0060155992,3168.9514,6.50536,1,10.0
20,155.3717,0.026710702,3225.3652,6.3753057,1,10.0
21,167.08752,0.027212234,6466.284,13.188223,1,10.0
22,53.4469,0.007860607,6667.7197,15.465774,1,10.0
23,376.7318,0.059718385,6794.105,12.576296,1,10.0
24,43.147217,0.0061726444,2681.868,5.3779783,1,10.0
25,117.69348,0.021600528,1543.3975,3.3459523,1,10.0
26,93.97876,0.014783687,3818.674,7.1718206,1,10.0
27,243.30035,0.04710671,4009.2656,7.5149317,1,10.0
28,353.36127,0.071261175,5816.405,11.473965,1,10.0
29,116.562256,0.019020678,4650.4644,8.813515,1,10.0
30,5.1451814e+16,9060374000000.0,3089.2698,6.376559,1,10.0
31,71.473816,0.012796066,1187.9683,2.423481,1,10.0
32,0.3861084,6.7169014e-05,762.962,1.4246923,1,10.0
33,60.59839,0.008898025,3503.0269,7.447938,1,10.0
34,1.6450195,0.0002951719,1119.9758,2.3316731,1,10.0
35,31.418945,0.00447513,1841.5378,3.9719512,1,10.0
36,136.97607,0.022086976,3694.2065,7.148896,1,10.0
37,214.5299,0.0378344,3901.4258,8.447623,1,10.0
38,14.687744,0.0021095227,4571.216,9.480832,1,10.0
39,37.394714,0.007050166,1586.0228,2.983381,1,10.0
40,0.81359863,0.00014010325,939.60205,1.8943093,1,10.0
41,868989860000000.0,136409270000.0,4473.632,9.220644,1,10.0
42,198.92664,0.033367194,3425.128,7.174798,1,10.0
43,94.42468,0.015186468,4011.9492,7.783107,1,10.0
44,250.49707,0.034545116,4079.2666,8.540661,1,10.0
45,86.40881,0.011038224,6393.9004,13.5176735,1,10.0
46,0.31384277,5.0661405e-05,752.5846,1.4179686,1,10.0
47,5.1137695,0.0007657962,1191.8965,2.6656272,1,10.0
48,49.44763,0.008913906,1729.4877,3.3417773,1,10.0
49,31.60913,0.0045724753,2078.6018,4.138247,1,10.0
0,326.76367,0.05394513,9420.086,18.906763,1,100.0
1,465.73535,0.058120094,6304.708,13.043944,1,100.0
2,244.39734,0.038847573,8325.903,16.259867,1,100.0
3,125.36859,0.022767015,1997.1097,4.295075,1,100.0
4,1378.8536,0.26577848,1488.7389,3.054377,1,100.0
5,387.0078,0.054003093,4301.9224,8.222073,1,100.0
6,130.5575,0.022553721,2725.2815,6.1528735,1,100.0
7,105.61359,0.019005401,1636.559,3.646358,1,100.0
8,293.8324,0.057464942,3904.1008,8.12391,1,100.0
9,160.521,0.024687568,5844.5967,11.364174,1,100.0
10,179.08704,0.033622306,2723.3367,5.7488427,1,100.0
11,60.494934,0.010962061,1804.7064,3.4844737,1,100.0
12,240.44556,0.036505133,6519.6914,13.097868,1,100.0
13,219.07703,0.033285577,4733.8716,9.401158,1,100.0
14,266.12476,0.045011222,5828.689,11.6535,1,100.0
15,61.53894,0.008260065,4333.76,8.258966,1,100.0
16,85.796265,0.011337336,4490.6943,8.332754,1,100.0
17,507.8015,0.07010746,4803.2314,10.511477,1,100.0
18,322.5276,0.059734996,4877.527,9.557601,1,100.0
19,42.865112,0.0060160276,3168.9675,6.50518,1,100.0
20,160.72571,0.027631136,3213.7375,6.352105,1,100.0
21,164.81372,0.026841918,6474.5566,13.204849,1,100.0
22,53.546753,0.007875292,6664.169,15.457268,1,100.0
23,371.65894,0.058914248,6832.2397,12.646511,1,100.0
24,43.14746,0.0061726794,2681.9448,5.3779974,1,100.0
25,119.38373,0.021910742,1527.3116,3.311012,1,100.0
26,104.92297,0.016505308,3813.3494,7.1616683,1,100.0
27,9835.049,1.9042175,2658.7158,4.983292,1,100.0
28,7745.53,1.5620148,2251.8381,4.442145,1,100.0
29,116.82251,0.019063147,4646.48,8.805825,1,100.0
30,319.26917,0.056221496,6208.6772,12.815022,1,100.0
31,71.40271,0.0127833355,1193.3303,2.4343877,1,100.0
32,0.38708496,6.73389e-05,762.9296,1.424578,1,100.0
33,60.607544,0.008899369,3502.851,7.4473267,1,100.0
34,1.6340942,0.00029321152,1120.7993,2.3333027,1,100.0
35,31.417847,0.0044749733,1841.6012,3.9719703,1,100.0
36,137.2489,0.022130968,3688.3264,7.1374474,1,100.0
37,209.1759,0.036890168,3954.0898,8.56155,1,100.0
38,13.428345,0.0019286417,4579.236,9.497168,1,100.0
39,37.299805,0.0070322724,1585.1011,2.9815688,1,100.0
40,0.81292725,0.00013998763,939.6405,1.8943003,1,100.0
41,301.00647,0.047250345,7134.0,14.703455,1,100.0
42,197.85583,0.03318758,3428.2769,7.181273,1,100.0
43,94.95703,0.0152720865,3992.4165,7.7449913,1,100.0
44,248.67798,0.034294255,4286.3076,8.973896,1,100.0
45,85.7406,0.010952864,6429.996,13.593536,1,100.0
46,0.31384277,5.0661405e-05,752.58044,1.4179115,1,100.0
47,5.1153564,0.0007660339,1191.9404,2.6656923,1,100.0
48,49.083008,0.008848175,1729.8969,3.3423984,1,100.0
49,31.61267,0.0045729876,2078.66,4.1382504,1,100.0
0,202.50854,0.033431962,8998.149,6.3000097,5,0.1
1,14.251221,0.0017784399,7230.1875,4.8821115,5,0.1
2,199.20093,0.03166349,5943.5723,4.278136,5,0.1
3,2367.9368,0.4300188,2701.1768,2.0160036,5,0.1
4,92.556885,0.017840639,2889.126,2.1469328,5,0.1
5,8.402588,0.0011724976,7275.4893,4.9272437,5,0.1
6,4757.829,0.8219118,3110.2646,2.540774,5,0.1
7,65.99164,0.0118753435,3933.9956,2.9007168,5,0.1
8,169.77484,0.033202946,2790.4788,2.1919658,5,0.1
9,12.369873,0.0019024431,6030.7886,4.5606594,5,0.1
10,128.17297,0.024063557,2200.7007,1.6729563,5,0.1
11,125.331726,0.022710893,2180.9011,1.7942246,5,0.1
12,4139.326,0.6284444,6621.6543,4.9033394,5,0.1
13,22.240845,0.0033791738,7741.158,5.5844083,5,0.1
14,131.4862,0.022239024,4219.332,3.1700106,5,0.1
15,1.4488525,0.00019447223,5240.835,3.828931,5,0.1
16,1.5301514,0.00020219809,5021.8086,3.6219115,5,0.1
17,47.284546,0.00652814,9898.179,6.859096,5,0.1
18,221.90112,0.041098073,3587.649,2.604563,5,0.1
19,1.8092041,0.00025391797,2479.3613,1.8877921,5,0.1
20,2607.7603,0.4483127,4323.3154,2.9525383,5,0.1
21,159.4751,0.025972458,8355.444,5.629413,5,0.1
22,8.857544,0.0013027072,5994.1978,4.373994,5,0.1
23,102.10254,0.016184986,8630.477,5.6385336,5,0.1
24,1.1081543,0.00015853264,2020.0002,1.4462646,5,0.1
25,53.04004,0.009734548,2111.3027,1.535302,5,0.1
26,20.346924,0.0032007503,4453.753,3.670234,5,0.1
27,160.44745,0.031065106,4051.4873,2.7139125,5,0.1
28,227.24945,0.04582863,5270.1807,3.4523754,5,0.1
29,1568.5657,0.2559592,5468.927,3.671213,5,0.1
30,121.46838,0.021389896,4263.88,3.1396654,5,0.1
31,21.980225,0.003935153,2077.356,1.6440866,5,0.1
32,0.7512207,0.00013068545,1237.4312,0.9254495,5,0.1
33,3.7399902,0.0005491652,3122.8882,2.424782,5,0.1
34,0.54901123,9.8511104e-05,1407.9644,1.0974039,5,0.1
35,0.9217529,0.00013128907,2034.6855,1.5230695,5,0.1
36,58.03589,0.009358111,4405.001,3.009699,5,0.1
37,142.5741,0.025144303,3692.624,2.7306433,5,0.1
38,1.6488037,0.0002368089,4821.64,3.4774978,5,0.1
39,0.5397339,0.00010175806,2603.2764,1.9228891,5,0.1
40,0.49884033,8.5901265e-05,2434.9116,1.8784008,5,0.1
41,97.15527,0.015250903,8979.445,6.614368,5,0.1
42,179.57117,0.03012058,4328.414,3.220494,5,0.1
43,31.529053,0.0050708666,5658.173,3.978858,5,0.1
44,7.0915527,0.0009779696,9490.836,7.0626206,5,0.1
45,2.4458008,0.00031243684,6169.466,4.449312,5,0.1
46,0.29858398,4.8198286e-05,1944.7471,1.6049004,5,0.1
47,0.87438965,0.00013094144,1734.9294,1.3165224,5,0.1
48,21.713684,0.0039143176,2610.0078,1.9901177,5,0.1
49,0.8232422,0.00011908757,2792.9023,1.9917186,5,0.1
0,139.91418,0.023098312,7555.5127,5.1156354,5,1.0
1,8.666382,0.001081496,7438.201,4.8938518,5,1.0
2,23.459839,0.0037290005,6557.552,4.560913,5,1.0
3,8.855652,0.0016081919,2586.9958,1.8465813,5,1.0
4,121.703,0.023458647,3071.4512,2.20327,5,1.0
5,9.975586,0.0013919938,7461.82,4.919687,5,1.0
6,8.276794,0.0014298108,3293.0083,2.582131,5,1.0
7,4.399292,0.0007916625,2310.96,1.65059,5,1.0
8,135.98798,0.026595233,3245.7227,2.459585,5,1.0
9,6.546631,0.0010068489,6221.202,4.420117,5,1.0
10,16.22351,0.0030458479,3066.6445,2.2205648,5,1.0
11,2.8296509,0.0005127504,2561.2075,1.9725126,5,1.0
12,12.106445,0.0018380352,6463.6494,4.5465384,5,1.0
13,7.187256,0.0010919994,7059.5723,4.9127812,5,1.0
14,95.09607,0.01608415,3848.6233,2.7227736,5,1.0
15,2.6732178,0.00035881266,3757.4707,2.580951,5,1.0
16,2.01062,0.00026568843,4562.5654,3.079628,5,1.0
17,39.736694,0.005486078,10105.66,6.858812,5,1.0
18,149.72296,0.027730033,4049.9382,2.7794044,5,1.0
19,3.0638428,0.00043000386,2229.9475,1.6266142,5,1.0
20,11.976807,0.0020589908,4478.002,2.9246316,5,1.0
21,19.085938,0.0031083769,8039.2954,5.2689896,5,1.0
22,18.590698,0.0027341933,5837.9834,4.1665783,5,1.0
23,25.094727,0.00397794,7488.7197,4.697098,5,1.0
24,1.711792,0.00024488912,1928.9241,1.3312348,5,1.0
25,7.9298096,0.0014553743,2461.8428,1.7299528,5,1.0
26,2.3272705,0.00036610014,4078.3108,3.2286675,5,1.0
27,114.445435,0.022158405,3916.8232,2.5056372,5,1.0
28,209.3197,0.0422128,5154.316,3.3256834,5,1.0
29,6.446533,0.0010519479,4467.0415,2.9195654,5,1.0
30,142.94556,0.025171906,4328.5605,3.067552,5,1.0
31,2.8256226,0.0005058755,2152.3691,1.6595423,5,1.0
32,0.8395996,0.00014606022,1298.5051,0.91872054,5,1.0
33,5.7265625,0.00084086554,2888.1147,2.14942,5,1.0
34,0.83013916,0.00014895492,1495.4972,1.105973,5,1.0
35,1.6230469,0.00023117726,1596.6914,1.146786,5,1.0
36,5.3415527,0.0008613092,3164.6152,2.1187348,5,1.0
37,20.87378,0.0036812904,4116.0366,2.9677637,5,1.0
38,1.6690674,0.00023971927,4666.1924,3.2245653,5,1.0
39,0.9011841,0.00016990362,2894.0237,2.052158,5,1.0
40,0.8626709,0.00014855359,2662.1526,1.9372894,5,1.0
41,15.296631,0.0024011813,9206.486,6.4692388,5,1.0
42,12.468872,0.002091481,4138.295,3.0021753,5,1.0
43,3.4229736,0.0005505222,4291.295,2.89641,5,1.0
44,2.0217285,0.00027880905,7778.3477,5.5701847,5,1.0
45,3.3624268,0.00042953048,5113.5615,3.5300362,5,1.0
46,0.36950684,5.964686e-05,1763.9126,1.3680364,5,1.0
47,1.2705078,0.00019026085,1310.8087,0.97355163,5,1.0
48,1.9731445,0.00035569802,2567.2556,1.8331285,5,1.0
49,1.6850586,0.00024375517,2639.257,1.8075242,5,1.0
0,60.996094,0.010069792,8549.285,5.7846456,5,10.0
1,9.446533,0.0011788527,7451.2383,4.900022,5,10.0
2,23.73108,0.0037721149,6792.5454,4.720868,5,10.0
3,8.069153,0.0014653632,2634.5107,1.8784858,5,10.0
4,100.22009,0.019317746,3744.3704,2.6841083,5,10.0
5,10.23291,0.0014279009,7454.9893,4.9124656,5,10.0
6,7.7211914,0.0013338306,3580.8918,2.8047667,5,10.0
7,3.5473022,0.000638345,2422.5342,1.7291064,5,10.0
8,175.8841,0.034397736,3865.7576,2.9265792,5,10.0
9,6.296875,0.00096843735,6176.0205,4.380726,5,10.0
10,16.423157,0.0030833299,3407.9458,2.4644718,5,10.0
11,4.709839,0.00085345225,2776.233,2.1345322,5,10.0
12,11.543091,0.0017525052,6555.9155,4.606067,5,10.0
13,6.4552,0.000980774,7112.829,4.9459434,5,10.0
14,26.953735,0.004558841,4476.8374,3.1623533,5,10.0
15,2.8028564,0.00037621343,3741.119,2.5656095,5,10.0
16,2.0251465,0.000267608,4575.016,3.0823278,5,10.0
17,39.28369,0.005423536,10124.381,6.8685904,5,10.0
18,216.11865,0.040027108,4801.412,3.2898722,5,10.0
19,3.0982666,0.00043483515,2229.347,1.6243196,5,10.0
20,9.6935425,0.0016664638,4398.384,2.8694563,5,10.0
21,16.158447,0.0026315995,8284.671,5.426607,5,10.0
22,19.032349,0.0027991482,5817.544,4.1498017,5,10.0
23,26.096802,0.004136786,7412.705,4.644871,5,10.0
24,1.7236328,0.00024658305,1948.9478,1.343909,5,10.0
25,6.9732666,0.001279818,2673.2852,1.8772994,5,10.0
26,1.8803711,0.00029579893,4081.3264,3.2281988,5,10.0
27,33.601196,0.006505711,4749.4443,3.034579,5,10.0
28,270.14062,0.054478347,5560.152,3.586638,5,10.0
29,6.198242,0.0010114318,4542.353,2.9671862,5,10.0
30,164.77014,0.029015092,5453.5674,3.8617382,5,10.0
31,1.9370728,0.00034679708,2208.294,1.7018225,5,10.0
32,0.8410034,0.00014630443,1302.0009,0.919898,5,10.0
33,5.8325195,0.0008564238,2884.6724,2.144516,5,10.0
34,0.8348999,0.00014980916,1491.4915,1.1016113,5,10.0
35,1.6398926,0.00023357665,1603.686,1.1506941,5,10.0
36,5.612793,0.00090504583,3214.1865,2.151207,5,10.0
37,20.576172,0.0036288043,4252.712,3.0650613,5,10.0
38,1.6781006,0.00024101666,4673.382,3.2262263,5,10.0
39,0.87298584,0.0001645873,2885.5115,2.044139,5,10.0
40,0.8812256,0.00015174874,2681.0828,1.9479256,5,10.0
41,16.17688,0.0025393579,9403.363,6.6001167,5,10.0
42,10.301758,0.0017279774,4260.506,3.0890627,5,10.0
43,3.1236572,0.00050238264,4277.779,2.8844602,5,10.0
44,2.0888672,0.00028806788,7763.5273,5.554547,5,10.0
45,3.5029297,0.00044747893,5080.906,3.5037804,5,10.0
46,0.3717041,6.000155e-05,1760.3704,1.3633754,5,10.0
47,1.2764893,0.00019115658,1306.3257,0.9698196,5,10.0
48,2.7435303,0.0004945752,2926.479,2.08581,5,10.0
49,1.7573242,0.0002542089,2617.2168,1.7907735,5,10.0
0,56.536255,0.009333521,8537.428,5.776584,5,100.0
1,9.448853,0.0011791422,7451.1196,4.8999195,5,100.0
2,22.653442,0.0036008218,6838.96,4.753092,5,100.0
3,7.8276978,0.0014215148,2637.0215,1.8802556,5,100.0
4,87.31549,0.016830342,3833.667,2.7481003,5,100.0
5,10.234375,0.0014281053,7454.9033,4.9123816,5,100.0
6,7.5355225,0.0013017565,3600.4016,2.820016,5,100.0
7,3.5026245,0.00063030515,2424.7144,1.7306508,5,100.0
8,159.00433,0.031096553,3977.9607,3.011493,5,100.0
9,6.289795,0.00096734846,6175.3867,4.3802023,5,100.0
10,15.126221,0.0028398396,3467.474,2.5074866,5,100.0
11,4.6394043,0.00084068906,2776.796,2.1349287,5,100.0
12,11.411743,0.0017325636,6561.125,4.6096725,5,100.0
13,6.4467773,0.0009794943,7112.437,4.9456306,5,100.0
14,25.384277,0.0042933896,4477.0303,3.1624403,5,100.0
15,2.8041992,0.00037639364,3740.9448,2.5654483,5,100.0
16,2.0238037,0.00026743056,4575.1533,3.082362,5,100.0
17,39.2782,0.005422778,10124.573,6.8686914,5,100.0
18,201.9784,0.037408207,4964.4556,3.4015322,5,100.0
19,3.0994873,0.00043500648,2229.341,1.6242965,5,100.0
20,9.332764,0.0016044406,4408.4673,2.876002,5,100.0
21,15.561523,0.0025343832,8341.674,5.463913,5,100.0
22,19.035645,0.002799633,5817.3394,4.149634,5,100.0
23,24.77832,0.003927784,7435.0405,4.65882,5,100.0
24,1.7232666,0.00024653066,1949.1825,1.3440591,5,100.0
25,6.7718506,0.0012428517,2684.512,1.8851707,5,100.0
26,1.8751221,0.00029497323,4080.8848,3.2278204,5,100.0
27,32.711426,0.0063334377,4757.785,3.0398707,5,100.0
28,259.81738,0.052396495,5725.0283,3.6929843,5,100.0
29,6.083496,0.0009927074,4546.199,2.9696822,5,100.0
30,140.58337,0.024755938,5581.7188,3.952452,5,100.0
31,1.9268188,0.0003449613,2207.8765,1.7014923,5,100.0
32,0.8406372,0.00014624072,1302.0363,0.9199098,5,100.0
33,5.834961,0.0008567823,2884.6365,2.1444652,5,100.0
34,0.8352661,0.00014987486,1491.4005,1.1015298,5,100.0
35,1.6403809,0.0002336462,1603.7483,1.1507275,5,100.0
36,5.554199,0.00089559774,3215.29,2.1519382,5,100.0
37,19.156494,0.0033784306,4251.9395,3.0644917,5,100.0
38,1.6762695,0.00024075368,4673.4033,3.2262082,5,100.0
39,0.8724365,0.00016448373,2885.4375,2.0440664,5,100.0
40,0.881897,0.00015186435,2681.2769,1.9480348,5,100.0
41,15.185303,0.0023837057,9419.843,6.6116076,5,100.0
42,9.883057,0.0016577462,4273.267,3.0982969,5,100.0
43,3.1114502,0.00050041935,4277.6123,2.8843193,5,100.0
44,2.0905762,0.00028830356,7763.42,5.554419,5,100.0
45,3.50354,0.0004475569,5080.522,3.503478,5,100.0
46,0.37060547,5.9824204e-05,1760.3345,1.3633283,5,100.0
47,1.2752686,0.00019097378,1306.2753,0.9697782,5,100.0
48,2.727539,0.00049169245,2931.9436,2.0896657,5,100.0
49,1.7590332,0.0002544561,2616.903,1.790542,5,100.0
0,11.476196,0.0018945953,11852.971,4.9306893,10,0.1
1,4.432617,0.0005531556,3483.1145,1.3762234,10,0.1
2,6.1956787,0.0009848188,5892.3555,2.5743985,10,0.1
3,2.1782227,0.0003955666,3219.411,1.4852016,10,0.1
4,10.350586,0.0019951088,4244.7056,1.9655619,10,0.1
5,4.816162,0.00067204755,6820.5566,2.7788122,10,0.1
6,2.09552,0.0003619997,4313.3545,2.3027139,10,0.1
7,1.2530518,0.00022548948,3775.4492,1.6961031,10,0.1
8,13.955017,0.0027291893,4758.322,2.4152195,10,0.1
9,2.0012207,0.00030778075,5235.9316,2.4364982,10,0.1
10,10.289307,0.0019317436,3419.818,1.6116433,10,0.1
11,0.5745239,0.00010410733,2852.9817,1.6624793,10,0.1
12,3.1314697,0.0004754287,5762.7544,2.6250246,10,0.1
13,1.5975342,0.00024272215,6646.2344,3.0204408,10,0.1
14,10.612549,0.0017949619,5970.1094,2.739961,10,0.1
15,0.5159912,6.9258924e-05,2541.8027,1.1375381,10,0.1
16,0.40393066,5.337642e-05,2324.5562,1.044699,10,0.1
17,3.4456787,0.00047571302,5356.2925,2.2174869,10,0.1
18,20.28009,0.0037560542,6307.7114,2.8505542,10,0.1
19,0.8656006,0.00012148521,2078.8901,1.0300093,10,0.1
20,5.1622314,0.0008874642,7022.922,2.7888093,10,0.1
21,10.614014,0.0017286211,9154.774,3.615676,10,0.1
22,5.0964355,0.0007495491,5630.336,2.4692574,10,0.1
23,8.958496,0.0014200737,9450.941,3.607576,10,0.1
24,0.50024414,7.1564966e-05,2139.3413,0.9661497,10,0.1
25,1.7303467,0.0003175741,3377.8413,1.4915195,10,0.1
26,0.29760742,4.681627e-05,3635.346,2.113213,10,0.1
27,14.559631,0.0028189698,5811.0176,2.3030202,10,0.1
28,34.433533,0.0069440943,6998.962,2.6848266,10,0.1
29,1.0131836,0.00016533173,5275.1714,2.090906,10,0.1
30,10.0998535,0.0017785272,5617.7764,2.6047769,10,0.1
31,0.5734863,0.00010267213,2924.121,1.6056283,10,0.1
32,0.23779297,4.1367446e-05,1459.6266,0.7218182,10,0.1
33,1.2392578,0.00018196765,2672.9353,1.349126,10,0.1
34,0.62335205,0.00011185035,1969.0664,0.97746277,10,0.1
35,0.7390137,0.00010526076,2102.0273,0.9732153,10,0.1
36,1.2954102,0.00020888096,3379.9714,1.4217243,10,0.1
37,5404.4937,0.95313406,4450.3076,2.063548,10,0.1
38,0.70703125,0.000101547135,4398.817,1.925658,10,0.1
39,1.9484863,0.00036735545,2825.9414,1.3922687,10,0.1
40,0.6599121,0.00011363813,2546.396,1.2839417,10,0.1
41,5.0219727,0.0007883218,6271.7495,2.8501785,10,0.1
42,2.517212,0.0004222275,4799.8525,2.2657387,10,0.1
43,4.461792,0.0007175969,5294.6206,2.291424,10,0.1
44,2.1877441,0.00030170364,3596.3452,1.6953771,10,0.1
45,1.0853271,0.00013864425,2646.4167,1.1557364,10,0.1
46,0.20593262,3.3242235e-05,1959.8298,1.1613626,10,0.1
47,0.91345215,0.00013679112,1741.6312,0.86178,10,0.1
48,0.47351074,8.53596e-05,3400.546,1.7115341,10,0.1
49,0.58203125,8.419477e-05,2833.8655,1.2505494,10,0.1
0,7.1115723,0.0011740433,8436.852,3.4399807,10,1.0
1,3.41687,0.00042639842,3853.8433,1.4996232,10,1.0
2,6.463623,0.0010274092,6307.891,2.698783,10,1.0
3,1.9081421,0.0003465198,2858.6597,1.2826248,10,1.0
4,9.4122925,0.0018142498,3755.165,1.7008002,10,1.0
5,7.194092,0.001003864,5639.6787,2.260729,10,1.0
6,2.2698364,0.00039211274,3674.667,1.9095852,10,1.0
7,1.1774292,0.00021188102,2427.7268,1.0695673,10,1.0
8,13.382202,0.0026171636,3877.187,1.9225266,10,1.0
9,2.831421,0.00043546263,5342.865,2.3915255,10,1.0
10,3.2539673,0.000610909,3742.831,1.7110016,10,1.0
11,0.6062012,0.000109847446,2744.9692,1.5257983,10,1.0
12,3.1333008,0.0004757067,4939.4385,2.179285,10,1.0
13,2.859497,0.00043445913,5144.552,2.2852585,10,1.0
14,4.7907715,0.0008102909,4387.0063,1.9399672,10,1.0
15,1.1541748,0.00015491912,2664.754,1.1478201,10,1.0
16,0.9592285,0.0001267549,2284.593,0.9846873,10,1.0
17,3.69458,0.0005100765,6163.1133,2.5198874,10,1.0
18,17.766602,0.0032905336,5129.676,2.237611,10,1.0
19,1.8155518,0.00025480884,1987.0417,0.9572093,10,1.0
20,2.897522,0.000498127,5428.1323,2.099765,10,1.0
21,8.701904,0.0014172109,8595.703,3.3400886,10,1.0
22,11.971924,0.001760749,5534.8223,2.395092,10,1.0
23,5.9506836,0.0009432843,8051.4814,3.0004175,10,1.0
24,1.0617676,0.00015189656,2035.3689,0.897996,10,1.0
25,1.1477661,0.00021065188,3025.2002,1.3081403,10,1.0
26,0.54125977,8.514493e-05,3086.401,1.743759,10,1.0
27,2.80188,0.00054248725,4599.6396,1.7734833,10,1.0
28,23.380066,0.004714979,5157.156,1.9607671,10,1.0
29,1.7747803,0.0002896094,4598.9536,1.7941746,10,1.0
30,10.68689,0.001881901,4780.529,2.1633973,10,1.0
31,0.8989258,0.00016093605,2375.062,1.2806311,10,1.0
32,0.501709,8.727937e-05,1511.9579,0.7205209,10,1.0
33,2.5488281,0.00037425972,2669.2808,1.310397,10,1.0
34,1.3237915,0.00023753277,2476.9224,1.1887298,10,1.0
35,1.2746582,0.00018155482,1640.3331,0.74012685,10,1.0
36,1.0351562,0.00016691581,2822.7644,1.1725329,10,1.0
37,4.0113525,0.0007074403,5213.407,2.3791895,10,1.0
38,1.1636963,0.00016713551,4193.725,1.7884684,10,1.0
39,1.4836426,0.0002797167,2875.2532,1.3782666,10,1.0
40,1.0102539,0.00017396767,2769.6396,1.3437288,10,1.0
41,4.0620117,0.0006376323,6041.5957,2.6661627,10,1.0
42,2.0795898,0.00034882245,4714.3213,2.1897953,10,1.0
43,1.4390869,0.00023145058,4035.552,1.7026526,10,1.0
44,1.6418457,0.00022642083,4021.131,1.8497494,10,1.0
45,1.7840576,0.000227903,2857.8896,1.2152002,10,1.0
46,0.28186035,4.549871e-05,2056.2283,1.1649054,10,1.0
47,1.3514404,0.00020238064,1600.6322,0.78095746,10,1.0
48,0.7722168,0.00013920723,2613.2878,1.2589095,10,1.0
49,1.0712891,0.00015496924,2743.754,1.1806225,10,1.0
0,9.339478,0.0015418463,9152.264,3.7301834,10,10.0
1,3.2487793,0.000405422,3881.5605,1.50997,10,10.0
2,7.3114014,0.0011621657,6369.952,2.7240973,10,10.0
3,1.9644165,0.00035673927,2829.791,1.2688181,10,10.0
4,9.664429,0.0018628498,4720.267,2.136976,10,10.0
5,7.13208,0.0009952108,5643.871,2.2616487,10,10.0
6,2.375122,0.00041030077,3605.3345,1.8721837,10,10.0
7,1.2666626,0.00022793877,2419.9531,1.0656959,10,10.0
8,10.605347,0.0020740926,5027.968,2.4915528,10,10.0
9,2.8984375,0.00044576955,5341.907,2.388593,10,10.0
10,3.6661987,0.0006883025,3955.2473,1.8066108,10,10.0
11,0.61517334,0.00011147326,2726.358,1.5136199,10,10.0
12,3.2011719,0.0004860111,4911.047,2.165175,10,10.0
13,2.9161377,0.00044306484,5138.6914,2.281507,10,10.0
14,6.3536377,0.0010746275,4690.676,2.072261,10,10.0
15,1.185669,0.00015914642,2668.4316,1.1482508,10,10.0
16,0.98535156,0.00013020686,2288.6147,0.98525655,10,10.0
17,3.69458,0.0005100765,6184.579,2.5280147,10,10.0
18,14.303162,0.0026490735,6231.8965,2.715652,10,10.0
19,1.8482666,0.00025940032,1983.6584,0.9548588,10,10.0
20,2.3996582,0.00041253687,4923.2607,1.9032178,10,10.0
21,8.182251,0.0013325791,8391.371,3.2595491,10,10.0
22,12.278687,0.0018058657,5524.456,2.3898418,10,10.0
23,6.4576416,0.0010236457,7849.0176,2.923268,10,10.0
24,1.09021,0.00015596552,2029.5056,0.89492154,10,10.0
25,1.1713257,0.00021497581,2922.8967,1.2633911,10,10.0
26,0.5571289,8.764128e-05,3082.3904,1.740394,10,10.0
27,5.1815186,0.0010032221,5687.6445,2.1913772,10,10.0
28,17.562256,0.0035417208,6760.3037,2.5699096,10,10.0
29,1.8156738,0.0002962824,4567.2197,1.7812203,10,10.0
30,10.5224,0.0018529352,5862.0317,2.6514738,10,10.0
31,0.9260864,0.00016579866,2371.8955,1.2784826,10,10.0
32,0.50994873,8.871279e-05,1514.1987,0.7209049,10,10.0
33,2.604248,0.00038239735,2669.6804,1.3096497,10,10.0
34,1.3256226,0.00023786133,2461.4229,1.180318,10,10.0
35,1.2896729,0.00018369341,1645.9343,0.74220204,10,10.0
36,1.0786133,0.00017392312,2807.2412,1.1658438,10,10.0
37,4.7078857,0.0008302806,5708.343,2.6043868,10,10.0
38,1.1981201,0.00017207963,4205.542,1.7923739,10,10.0
39,1.5074463,0.00028420452,2891.0618,1.3849365,10,10.0
40,1.0244751,0.00017641658,2783.4004,1.3489558,10,10.0
41,5.0202637,0.0007880535,6262.0723,2.761498,10,10.0
42,1.7336426,0.00029079456,4597.8447,2.1349077,10,10.0
43,1.4765625,0.00023747784,4037.6885,1.702511,10,10.0
44,1.6469727,0.00022712786,4035.997,1.85551,10,10.0
45,1.7852783,0.00022805894,2856.9102,1.2139914,10,10.0
46,0.28735352,4.6385434e-05,2058.2458,1.1648542,10,10.0
47,1.3701172,0.00020517752,1598.2252,0.77957064,10,10.0
48,0.7889404,0.000142222,2602.8906,1.252354,10,10.0
49,1.1077881,0.00016024907,2745.5637,1.1807152,10,10.0
0,9.287964,0.001533342,9160.772,3.7336364,10,100.0
1,3.2460938,0.00040508687,3881.849,1.510078,10,100.0
2,7.284546,0.001157897,6370.563,2.7243462,10,100.0
3,1.963562,0.0003565841,2829.6592,1.2687504,10,100.0
4,9.508179,0.0018327321,4733.743,2.1430674,10,100.0
5,7.1325684,0.000995279,5643.913,2.261658,10,100.0
6,2.3756104,0.0004103851,3604.775,1.8718792,10,100.0
7,1.2670898,0.00022801566,2419.8945,1.0656655,10,100.0
8,10.099976,0.001975257,5085.179,2.5198872,10,100.0
9,2.8979492,0.00044569446,5341.8794,2.3885546,10,100.0
10,3.624878,0.0006805448,3959.427,1.8085046,10,100.0
11,0.6148071,0.000111406895,2726.1216,1.5134699,10,100.0
12,3.2026367,0.00048623348,4910.7676,2.165036,10,100.0
13,2.916504,0.0004431205,5138.63,2.2814682,10,100.0
14,6.2908936,0.0010640152,4699.626,2.0761948,10,100.0
15,1.1860352,0.00015919557,2668.4697,1.1482553,10,100.0
16,0.98583984,0.00013027138,2288.657,0.9852628,10,100.0
17,3.6949463,0.0005101271,6184.7944,2.5280964,10,100.0
18,13.181152,0.0024412673,6283.958,2.7383106,10,100.0
19,1.8487549,0.00025946883,1983.6235,0.95483464,10,100.0
20,2.395691,0.00041185482,4919.3384,1.9016888,10,100.0
21,8.174805,0.0013313662,8388.11,3.258271,10,100.0
22,12.28125,0.0018062426,5524.3467,2.3897867,10,100.0
23,6.416504,0.0010171247,7851.306,2.9241028,10,100.0
24,1.0913086,0.0001561227,2029.4397,0.8948876,10,100.0
25,1.1723022,0.00021515504,2922.2324,1.263099,10,100.0
26,0.5563965,8.752607e-05,3082.3503,1.7403605,10,100.0
27,5.0786743,0.0009833098,5733.4307,2.2090013,10,100.0
28,16.169067,0.0032607613,6928.7104,2.633925,10,100.0
29,1.8170166,0.00029650153,4566.873,1.7810795,10,100.0
30,10.235718,0.0018024521,5883.4434,2.6611445,10,100.0
31,0.92626953,0.00016583144,2371.8696,1.2784642,10,100.0
32,0.5098877,8.870217e-05,1514.2212,0.7209085,10,100.0
33,2.6052246,0.00038254075,2669.6843,1.309642,10,100.0
34,1.3258667,0.00023790513,2461.1177,1.180162,10,100.0
35,1.289917,0.00018372819,1645.9875,0.74222153,10,100.0
36,1.0794678,0.0001740609,2807.0923,1.1657797,10,100.0
37,4.650635,0.00082018384,5722.5977,2.6108837,10,100.0
38,1.1986084,0.00017214975,4205.662,1.7924136,10,100.0
39,1.508667,0.00028443465,2891.241,1.385013,10,100.0
40,1.0252075,0.0001765427,2783.5254,1.3490014,10,100.0
41,4.993164,0.00078379957,6267.143,2.7637143,10,100.0
42,1.7307129,0.00029030314,4595.794,2.1339476,10,100.0
43,1.4777832,0.00023767416,4037.7146,1.7025113,10,100.0
44,1.6477051,0.00022722887,4036.148,1.8555682,10,100.0
45,1.7852783,0.00022805894,2856.9006,1.2139792,10,100.0
46,0.28796387,4.6483958e-05,2058.2617,1.164851,10,100.0
47,1.3704834,0.00020523237,1598.1945,0.7795535,10,100.0
48,0.788147,0.00014207895,2602.8042,1.2522966,10,100.0
49,1.1090088,0.00016042565,2745.5818,1.180716,10,100.0
0,31.335083,0.0051730815,1654.8608,0.24230747,50,0.1
1,0.5578613,6.961669e-05,565.624,0.08632929,50,0.1
2,1.4262695,0.00022670913,2261.7168,0.3647375,50,0.1
3,0.546875,9.931284e-05,1705.8716,0.40180033,50,0.1
4,26.567505,0.005120972,1872.3774,0.38979545,50,0.1
5,1.5800781,0.0002204842,1911.2554,0.29907116,50,0.1
6,0.9209595,0.00015909514,1380.2422,0.51034194,50,0.1
7,0.5007324,9.0107926e-05,1900.9712,0.41424236,50,0.1
8,33.892334,0.00662834,2670.5012,0.73693794,50,0.1
9,0.31860352,4.9000104e-05,2513.516,0.4636194,50,0.1
10,7.11084,0.0013350092,2085.8652,0.50139505,50,0.1
11,0.3984375,7.2199364e-05,791.1233,0.42693403,50,0.1
12,0.5205078,7.902499e-05,1455.1572,0.31167784,50,0.1
13,1.0393066,0.00015790758,1704.7461,0.40862867,50,0.1
14,23.97113,0.004054376,1994.1914,0.362672,50,0.1
15,0.51953125,6.973409e-05,1282.8921,0.27346727,50,0.1
16,0.39001465,5.1537525e-05,599.3213,0.14582962,50,0.1
17,0.92944336,0.00012831965,948.6211,0.17873515,50,0.1
18,42.687866,0.007906175,2380.0374,0.5788083,50,0.1
19,0.7475586,0.00010491827,1126.4094,0.41467917,50,0.1
20,0.86724854,0.0001490929,2383.2173,0.33919588,50,0.1
21,2.53833,0.0004133979,2358.9956,0.33064774,50,0.1
22,2.2702637,0.00033389492,2224.2593,0.4390489,50,0.1
23,1.1875,0.0001882389,2776.044,0.3778228,50,0.1
24,0.43078613,6.16283e-05,1221.7288,0.38729772,50,0.1
25,0.32086182,5.888843e-05,1951.3105,0.47888547,50,0.1
26,0.29882812,4.7008296e-05,921.5554,0.40256527,50,0.1
27,36.368896,0.0070415805,3297.2695,0.52296597,50,0.1
28,53.997192,0.010889431,2564.3271,0.35964578,50,0.1
29,0.513916,8.386103e-05,2898.9902,0.40745014,50,0.1
30,44.549683,0.007844947,2304.6348,0.561698,50,0.1
31,0.3840332,6.8754045e-05,850.50867,0.47041422,50,0.1
32,0.21984863,3.8245777e-05,1092.1768,0.5066051,50,0.1
33,0.43725586,6.42049e-05,1135.2607,0.42500332,50,0.1
34,0.22808838,4.0926734e-05,1206.6274,0.3819505,50,0.1
35,0.7821045,0.00011139836,1446.1228,0.37819228,50,0.1
36,0.3671875,5.920787e-05,2338.4507,0.50651777,50,0.1
37,29.454224,0.0051945336,1653.9236,0.44573715,50,0.1
38,0.4005127,5.752351e-05,2002.8948,0.38329226,50,0.1
39,0.33355713,6.288678e-05,1129.6605,0.45080414,50,0.1
40,0.48754883,8.3956846e-05,1748.0685,0.76030266,50,0.1
41,18.223145,0.0028605694,1607.5469,0.34531993,50,0.1
42,3.086731,0.00051775645,2022.0608,0.5230075,50,0.1
43,1.0129395,0.00016291262,2391.409,0.49546254,50,0.1
44,0.48376465,6.671418e-05,717.4402,0.19343448,50,0.1
45,0.69641113,8.896248e-05,276.29395,0.058048934,50,0.1
46,0.18664551,3.0128856e-05,1034.1311,0.66090584,50,0.1
47,0.9857178,0.00014761303,1262.0637,0.47487655,50,0.1
48,0.33044434,5.9569076e-05,1006.2748,0.47027856,50,0.1
49,0.6010742,8.694947e-05,1525.1067,0.3910688,50,0.1
0,0.90405273,0.00014924929,2495.4512,0.36280268,50,1.0
1,0.80944824,0.000101012745,640.2832,0.09714672,50,1.0
2,1.6427002,0.00026111133,2474.6094,0.39597392,50,1.0
3,1.9335327,0.00035113076,2081.893,0.4834115,50,1.0
4,2.1983032,0.00042373003,1891.9209,0.38993964,50,1.0
5,2.0203857,0.00028192476,2247.0044,0.34941396,50,1.0
6,1.907959,0.00032959864,1152.9436,0.41838354,50,1.0
7,1.510437,0.00027180652,2327.8984,0.5024713,50,1.0
8,0.7435303,0.00014541257,925.91016,0.25226727,50,1.0
9,0.989624,0.00015220071,2904.999,0.5275455,50,1.0
10,1.6373291,0.0003073968,1896.3909,0.44877687,50,1.0
11,0.5187988,9.400959e-05,974.7096,0.5034731,50,1.0
12,1.2390137,0.00018811061,1564.8618,0.33013877,50,1.0
13,1.3945312,0.0002118788,1844.6943,0.4368578,50,1.0
14,0.8754883,0.0001480764,2443.836,0.43787813,50,1.0
15,0.97021484,0.0001302271,1365.2573,0.2857197,50,1.0
16,0.7388916,9.763901e-05,631.95996,0.15029633,50,1.0
17,1.4942627,0.00020629904,856.4487,0.16045211,50,1.0
18,1.0561523,0.00019560887,1029.1587,0.24552664,50,1.0
19,1.5770264,0.00022133232,1123.4714,0.405017,50,1.0
20,1.3707275,0.0002356484,3185.0728,0.44904816,50,1.0
21,4.128662,0.0006724028,2736.7236,0.381372,50,1.0
22,10.028809,0.001474969,2638.16,0.5176096,50,1.0
23,0.9029541,0.00014313354,2902.7227,0.391668,50,1.0
24,1.1121826,0.00015910894,1376.3738,0.4292092,50,1.0
25,0.6338501,0.000116331816,1790.8706,0.4344043,50,1.0
26,0.4020996,6.3253814e-05,978.18945,0.4182291,50,1.0
27,0.39282227,7.6056465e-05,2259.8882,0.35447633,50,1.0
28,1.6395264,0.00033063776,2377.2588,0.33232293,50,1.0
29,1.145874,0.00018698421,3371.6646,0.47121117,50,1.0
30,1.9342041,0.00034060242,1347.21,0.324161,50,1.0
31,0.9328003,0.00016700065,1067.7454,0.57984483,50,1.0
32,0.4272461,7.432549e-05,1284.9368,0.57565117,50,1.0
33,1.4807129,0.00021742196,1175.5845,0.43109897,50,1.0
34,0.927124,0.00016635726,1427.7185,0.44224748,50,1.0
35,1.5270996,0.00021751109,1605.5945,0.4137934,50,1.0
36,0.6055908,9.764968e-05,2639.141,0.56795394,50,1.0
37,1.572998,0.00027741323,1505.1289,0.40188646,50,1.0
38,0.78552246,0.00011282042,2447.2354,0.4629608,50,1.0
39,0.5965576,0.00011247125,1194.7745,0.46629393,50,1.0
40,0.9921875,0.0001708566,1911.697,0.8042242,50,1.0
41,1.338501,0.00021011055,1424.581,0.30176753,50,1.0
42,0.74438477,0.00012486025,2098.5557,0.53800464,50,1.0
43,1.1529541,0.00018543139,2677.248,0.54792583,50,1.0
44,0.74768066,0.00010310986,799.9829,0.21267256,50,1.0
45,1.15979,0.00014815644,327.5869,0.06794086,50,1.0
46,0.3203125,5.1705767e-05,1236.2782,0.7527552,50,1.0
47,1.4692383,0.00022002109,1419.0271,0.52825105,50,1.0
48,0.7227783,0.00013029497,972.02,0.4361307,50,1.0
49,1.1660156,0.00016867208,1893.2927,0.47837776,50,1.0
0,0.9133301,0.00015078088,2509.3652,0.3647735,50,10.0
1,0.8289795,0.0001034501,648.90137,0.09844315,50,10.0
2,1.6751709,0.00026627263,2485.3481,0.39762473,50,10.0
3,2.0007935,0.00036334535,2082.1597,0.48330504,50,10.0
4,2.2280273,0.00042945947,1898.7754,0.39127398,50,10.0
5,2.0305176,0.00028333854,2252.669,0.3502491,50,10.0
6,2.003601,0.00034612077,1152.093,0.41786107,50,10.0
7,1.6537476,0.00029759557,2338.6423,0.5046867,50,10.0
8,0.76031494,0.00014869515,918.87695,0.250263,50,10.0
9,1.0214844,0.00015710072,2922.6743,0.53052974,50,10.0
10,1.7928467,0.00033659412,1896.5815,0.4486299,50,10.0
11,0.5289917,9.58566e-05,978.6681,0.5049495,50,10.0
12,1.2744141,0.0001934852,1568.1362,0.33071393,50,10.0
13,1.4211426,0.000215922,1846.1636,0.43708837,50,10.0
14,0.9279785,0.00015695438,2453.587,0.4394542,50,10.0
15,0.9822998,0.0001318492,1371.9944,0.28698954,50,10.0
16,0.7520752,9.9381126e-05,637.43286,0.15149914,50,10.0
17,1.5263672,0.0002107314,856.01025,0.1603511,50,10.0
18,1.0566406,0.0001956993,993.7969,0.23695874,50,10.0
19,1.6126709,0.00022633495,1122.7478,0.4045276,50,10.0
20,1.388794,0.00023875429,3209.8535,0.4524338,50,10.0
21,4.345581,0.0007077307,2757.9238,0.38427812,50,10.0
22,10.547607,0.0015512704,2654.2632,0.5206936,50,10.0
23,0.90893555,0.0001440817,2911.838,0.39281523,50,10.0
24,1.1586914,0.00016576248,1377.1785,0.4292948,50,10.0
25,0.6652832,0.0001221008,1775.8267,0.43065733,50,10.0
26,0.40771484,6.413714e-05,978.7693,0.41827714,50,10.0
27,0.39587402,7.664733e-05,2267.4102,0.35555008,50,10.0
28,1.7695312,0.0003568554,2390.6406,0.3341754,50,10.0
29,1.1914062,0.00019441417,3390.417,0.4737773,50,10.0
30,2.00354,0.0003528121,1361.02,0.32739526,50,10.0
31,0.95581055,0.0001711202,1072.9465,0.58246696,50,10.0
32,0.43432617,7.5557175e-05,1288.8811,0.5769037,50,10.0
33,1.5373535,0.00022573884,1177.1746,0.4314499,50,10.0
34,1.010376,0.00018129547,1416.9946,0.43869227,50,10.0
35,1.5629883,0.00022262285,1613.6714,0.41573033,50,10.0
36,0.64697266,0.000104322375,2639.0283,0.56786895,50,10.0
37,1.6079102,0.00028357032,1505.7368,0.40198812,50,10.0
38,0.8170166,0.00011734375,2462.8486,0.46578377,50,10.0
39,0.60614014,0.00011427788,1199.8477,0.46802402,50,10.0
40,1.013916,0.00017459829,1914.2844,0.804563,50,10.0
41,1.3491211,0.00021177765,1426.7485,0.30212367,50,10.0
42,0.75946045,0.000127389,2104.5044,0.5394203,50,10.0
43,1.1595459,0.00018649157,2689.5444,0.5502789,50,10.0
44,0.76708984,0.0001057865,803.84595,0.2136278,50,10.0
45,1.1778564,0.00015046432,329.59277,0.06833511,50,10.0
46,0.3302002,5.330187e-05,1239.6755,0.7539929,50,10.0
47,1.4863281,0.00022258033,1422.7683,0.5295337,50,10.0
48,0.7357178,0.00013262757,973.8506,0.43644992,50,10.0
49,1.1960449,0.00017301601,1905.5017,0.48129842,50,10.0
0,0.9136963,0.00015084133,2509.505,0.36479327,50,100.0
1,0.8305664,0.000103648126,648.99023,0.09845652,50,100.0
2,1.675293,0.00026629205,2485.4595,0.3976418,50,100.0
3,2.0015259,0.00036347835,2082.1504,0.48330116,50,100.0
4,2.227539,0.00042936535,1898.8462,0.39128774,50,100.0
5,2.0300293,0.0002832704,2252.7275,0.35025775,50,100.0
6,2.0040894,0.0003462051,1152.085,0.41785598,50,100.0
7,1.6550903,0.00029783722,2338.755,0.50470996,50,100.0
8,0.76135254,0.00014889808,918.8335,0.25025025,50,100.0
9,1.0214844,0.00015710072,2922.8574,0.5305606,50,100.0
10,1.7954712,0.00033708685,1896.5769,0.44862682,50,100.0
11,0.52960205,9.59672e-05,978.7086,0.50496465,50,100.0
12,1.2744141,0.0001934852,1568.1719,0.33072025,50,100.0
13,1.420044,0.00021575509,1846.1787,0.43709087,50,100.0
14,0.9284668,0.00015703696,2453.6875,0.43947044,50,100.0
15,0.9835205,0.00013201304,1372.0625,0.28700238,50,100.0
16,0.75305176,9.951017e-05,637.4888,0.15151143,50,100.0
17,1.5263672,0.0002107314,856.00635,0.16035017,50,100.0
18,1.0566406,0.0001956993,993.5659,0.23690234,50,100.0
19,1.612915,0.00022636921,1122.7397,0.40452236,50,100.0
20,1.3883057,0.00023867036,3210.106,0.45246825,50,100.0
21,4.3479004,0.0007081084,2758.1401,0.38430777,50,100.0
22,10.55249,0.0015519884,2654.428,0.5207252,50,100.0
23,0.90844727,0.0001440043,2911.9336,0.39282727,50,100.0
24,1.1584473,0.00016572756,1377.1863,0.4292956,50,100.0
25,0.66589355,0.00012221282,1775.6257,0.43060765,50,100.0
26,0.40649414,6.394511e-05,978.7759,0.41827783,50,100.0
27,0.39733887,7.693095e-05,2267.4878,0.35556117,50,100.0
28,1.7718506,0.00035732312,2390.7788,0.33419457,50,100.0
29,1.1916504,0.00019445401,3390.6099,0.4738037,50,100.0
30,2.0039062,0.00035287658,1361.1455,0.32742456,50,100.0
31,0.95562744,0.00017108743,1073.0016,0.58249485,50,100.0
32,0.43536377,7.573768e-05,1288.9209,0.5769162,50,100.0
33,1.5377197,0.00022579261,1177.1904,0.43145335,50,100.0
34,1.0107422,0.00018136117,1416.7859,0.43862534,50,100.0
35,1.5638428,0.00022274457,1613.7527,0.41574976,50,100.0
36,0.64697266,0.000104322375,2639.0261,0.5678679,50,100.0
37,1.6082153,0.00028362413,1505.7422,0.40198895,50,100.0
38,0.8186035,0.00011757167,2463.0088,0.46581277,50,100.0
39,0.6068115,0.00011440446,1199.9025,0.46804282,50,100.0
40,1.0150146,0.00017478748,1914.312,0.804567,50,100.0
41,1.3481445,0.00021162434,1426.7705,0.3021273,50,100.0
42,0.76000977,0.00012748112,2104.5657,0.5394349,50,100.0
43,1.1601562,0.00018658974,2689.671,0.5503031,50,100.0
44,0.76708984,0.0001057865,803.88525,0.21363753,50,100.0
45,1.178833,0.00015058907,329.6123,0.06833895,50,100.0
46,0.33117676,5.3459506e-05,1239.7086,0.7540046,50,100.0
47,1.4874268,0.00022274484,1422.8066,0.52954686,50,100.0
48,0.7363281,0.0001327376,973.8705,0.43645367,50,100.0
49,1.1960449,0.00017301601,1905.6284,0.48132876,50,100.0
0,0.41760254,6.894164e-05,710.9121,0.07279837,100,0.1
1,0.6723633,8.390563e-05,215.98535,0.028484633,100,0.1
2,0.85498047,0.0001359013,955.3369,0.10991599,100,0.1
3,0.54663086,9.926851e-05,831.51514,0.18415459,100,0.1
4,14.872559,0.0028667336,710.96924,0.121111095,100,0.1
5,1.15979,0.00016183718,1192.9697,0.14025135,100,0.1
6,0.857666,0.00014816124,275.5996,0.103610665,100,0.1
7,0.4804077,8.645045e-05,1075.8315,0.2255293,100,0.1
8,10.209656,0.0019967072,597.61035,0.15266274,100,0.1
9,0.28466797,4.3780936e-05,1551.3916,0.21712534,100,0.1
10,1.4266357,0.00026784063,920.67334,0.22131597,100,0.1
11,0.22521973,4.0811225e-05,422.12024,0.22249383,100,0.1
12,0.6105957,9.2702394e-05,381.3296,0.06771916,100,0.1
13,0.71118164,0.00010805374,620.5288,0.12747838,100,0.1
14,0.56933594,9.629509e-05,825.4917,0.11008096,100,0.1
15,0.48669434,6.532655e-05,505.85645,0.118863314,100,0.1
16,0.38269043,5.0569684e-05,354.87036,0.09498669,100,0.1
17,0.9433594,0.00013024091,286.43848,0.045484103,100,0.1
18,71.44568,0.013232379,371.53027,0.08384139,100,0.1
19,0.7491455,0.000105140985,620.05273,0.2851962,100,0.1
20,0.8942261,0.00015373074,1189.1445,0.13549696,100,0.1
21,2.1831055,0.00035554526,1469.0586,0.15142852,100,0.1
22,2.1992188,0.00032344612,1071.1162,0.18143272,100,0.1
23,0.536499,8.50442e-05,1055.3271,0.105798475,100,0.1
24,0.4560547,6.524322e-05,802.5183,0.33770075,100,0.1
25,0.3505249,6.4332555e-05,390.62085,0.12498418,100,0.1
26,0.2298584,3.615875e-05,337.71582,0.13213262,100,0.1
27,0.41430664,8.021617e-05,642.74316,0.088665545,100,0.1
28,26.059753,0.0052553825,1045.1475,0.12016446,100,0.1
29,0.44067383,7.190934e-05,2152.3916,0.23911852,100,0.1
30,43.688538,0.0076933047,509.81592,0.09940344,100,0.1
31,0.39465332,7.0655384e-05,459.51782,0.38208693,100,0.1
32,0.2543335,4.4244905e-05,609.66864,0.5223769,100,0.1
33,0.50097656,7.3561394e-05,417.7378,0.18701556,100,0.1
34,0.30981445,5.5591147e-05,710.72595,0.30768734,100,0.1
35,0.76989746,0.00010965967,632.0652,0.19384542,100,0.1
36,0.3125,5.0389677e-05,1196.4636,0.2529713,100,0.1
37,1.3204346,0.00023287124,535.3208,0.14235267,100,0.1
38,0.41125488,5.906635e-05,1522.4785,0.24957532,100,0.1
39,0.3461914,6.526877e-05,367.20007,0.20125821,100,0.1
40,0.5175781,8.912795e-05,804.4705,0.64338267,100,0.1
41,0.6743164,0.00010585049,298.44336,0.053124312,100,0.1
42,0.40148926,6.734427e-05,741.43164,0.16408141,100,0.1
43,0.92126465,0.00014816842,1336.978,0.23153527,100,0.1
44,0.46411133,6.400386e-05,167.97046,0.04237485,100,0.1
45,0.6781006,8.662341e-05,122.401855,0.0260046,100,0.1
46,0.18945312,3.058207e-05,487.26538,0.45457578,100,0.1
47,0.97766113,0.00014640653,659.1218,0.2982694,100,0.1
48,0.3373413,6.081239e-05,475.62054,0.37709135,100,0.1
49,0.5834961,8.4406674e-05,1066.0652,0.3155801,100,0.1
0,0.85266113,0.00014076509,987.5537,0.10062535,100,1.0
1,0.8535156,0.00010651201,246.38135,0.03232726,100,1.0
2,1.5921631,0.00025307832,1016.19775,0.11626974,100,1.0
3,1.9345093,0.0003513081,1020.2803,0.22294344,100,1.0
4,2.1499634,0.00041441238,748.01904,0.12638165,100,1.0
5,1.5469971,0.00021586807,1313.4922,0.15369523,100,1.0
6,1.991394,0.000344012,318.85327,0.11760943,100,1.0
7,1.4898682,0.00026810513,1346.0515,0.279605,100,1.0
8,0.71362305,0.0001395636,244.13379,0.061632007,100,1.0
9,0.77246094,0.000118801785,1749.6738,0.24199297,100,1.0
10,1.812561,0.00034029534,882.66455,0.20888703,100,1.0
11,0.5701294,0.00010331101,501.03723,0.25302866,100,1.0
12,1.267334,0.00019241028,441.09814,0.077354826,100,1.0
13,1.3707275,0.00020826218,685.999,0.13947351,100,1.0
14,0.85894775,0.00014527881,985.7339,0.13001953,100,1.0
15,0.9493408,0.00012742527,580.97,0.13377516,100,1.0
16,0.74328613,9.8219716e-05,384.33276,0.100321144,100,1.0
17,1.7344971,0.00023946598,321.98584,0.05088383,100,1.0
18,0.9873657,0.00018286897,279.30078,0.06191517,100,1.0
19,1.555542,0.00021831703,681.5051,0.30537832,100,1.0
20,1.2763672,0.00021942647,2150.332,0.24316679,100,1.0
21,3.8833008,0.0006324427,1664.605,0.17085382,100,1.0
22,7.880127,0.0011589554,1301.2466,0.21927242,100,1.0
23,0.74194336,0.00011761061,1259.9893,0.12551461,100,1.0
24,1.2578125,0.00017994276,903.63245,0.37206572,100,1.0
25,0.776001,0.00014242105,420.01245,0.1323599,100,1.0
26,0.38171387,6.0046954e-05,388.08887,0.14894632,100,1.0
27,0.4025879,7.794724e-05,860.7998,0.11760491,100,1.0
28,1.505127,0.00030353386,960.3125,0.110115506,100,1.0
29,1.0334473,0.00016863836,2601.3848,0.28770915,100,1.0
30,1.6981812,0.0002990401,307.68604,0.05937859,100,1.0
31,0.9550781,0.00017098908,562.6157,0.45515895,100,1.0
32,0.45587158,7.9305304e-05,795.54474,0.63982666,100,1.0
33,1.545166,0.000226886,507.573,0.2216986,100,1.0
34,1.1433716,0.00020515936,855.6288,0.35964367,100,1.0
35,1.5494385,0.0002206929,808.06665,0.24360831,100,1.0
36,0.6298828,0.00010156669,1293.2954,0.2717193,100,1.0
37,1.7646484,0.0003112126,626.7202,0.16513714,100,1.0
38,0.7758789,0.00011143536,1934.772,0.31404415,100,1.0
39,0.5863037,0.00011053804,426.78113,0.22690012,100,1.0
40,1.0101929,0.00017395716,943.7434,0.7105048,100,1.0
41,1.3378906,0.00021001474,342.7373,0.06030518,100,1.0
42,0.7227173,0.00012122583,780.5867,0.17144102,100,1.0
43,1.1380615,0.0001830362,1560.9575,0.26756513,100,1.0
44,0.78466797,0.00010821064,252.23828,0.06280002,100,1.0
45,1.2050781,0.00015394173,169.15771,0.035470963,100,1.0
46,0.32800293,5.294718e-05,621.62946,0.5407673,100,1.0
47,1.4873047,0.00022272656,846.8882,0.3783407,100,1.0
48,0.7167969,0.0001292167,600.3543,0.44461432,100,1.0
49,1.204834,0.00017428742,1432.4719,0.41690034,100,1.0
0,0.8763428,0.00014467468,999.626,0.10184526,100,10.0
1,0.8696289,0.00010852282,248.65088,0.032621846,100,10.0
2,1.6292725,0.00025897697,1020.41943,0.11673859,100,10.0
3,2.026245,0.00036796738,1024.3906,0.22376822,100,10.0
4,2.1726074,0.00041877708,755.43115,0.127613,100,10.0
5,1.5610352,0.00021782694,1316.5361,0.1540363,100,10.0
6,2.08667,0.00036047085,320.45142,0.11813745,100,10.0
7,1.6286621,0.0002930814,1354.1946,0.2812409,100,10.0
8,0.7246094,0.0001417122,239.60596,0.060469236,100,10.0
9,0.80114746,0.00012321367,1757.9443,0.24305812,100,10.0
10,1.9821777,0.00037213965,882.1521,0.20867637,100,10.0
11,0.5817261,0.0001054124,503.2577,0.2538707,100,10.0
12,1.3017578,0.0001976366,442.83936,0.07763761,100,10.0
13,1.3990479,0.00021256504,687.29297,0.1397044,100,10.0
14,0.9083252,0.0001536303,991.81445,0.13078408,100,10.0
15,0.9609375,0.00012898183,583.8511,0.1343664,100,10.0
16,0.7562256,9.9929566e-05,386.35938,0.10077802,100,10.0
17,1.7790527,0.00024561735,323.31934,0.051089495,100,10.0
18,0.9956665,0.00018440635,284.2461,0.06297894,100,10.0
19,1.5931396,0.00022359377,682.292,0.30551642,100,10.0
20,1.2989502,0.00022330882,2172.713,0.2456506,100,10.0
21,4.1000977,0.0006677507,1675.1592,0.1719212,100,10.0
22,8.401367,0.0012356159,1306.9004,0.22019774,100,10.0
23,0.74780273,0.00011853942,1267.6025,0.12625338,100,10.0
24,1.3270264,0.0001898445,904.65625,0.37229803,100,10.0
25,0.85632324,0.00015716277,465.85278,0.14676242,100,10.0
26,0.38708496,6.0891874e-05,388.98657,0.14922684,100,10.0
27,0.40698242,7.879809e-05,870.66455,0.11892172,100,10.0
28,1.6293945,0.0003285945,974.96533,0.1117907,100,10.0
29,1.0700684,0.00017461421,2614.5078,0.28913414,100,10.0
30,1.7734375,0.00031229234,308.67676,0.05955685,100,10.0
31,0.9805298,0.00017554573,566.36804,0.45795757,100,10.0
32,0.46844482,8.1492595e-05,798.61676,0.6412705,100,10.0
33,1.5895996,0.00023341045,510.40247,0.22279163,100,10.0
34,1.2545776,0.00022511347,857.2256,0.36005494,100,10.0
35,1.5881348,0.00022620457,814.59424,0.24547629,100,10.0
36,0.6888428,0.00011107381,1293.9526,0.27182898,100,10.0
37,1.8018799,0.00031777873,627.7158,0.16537488,100,10.0
38,0.80944824,0.00011625675,1947.7109,0.31606826,100,10.0
39,0.5957031,0.00011231015,428.3114,0.2275482,100,10.0
40,1.0307007,0.00017748863,947.6753,0.7122774,100,10.0
41,1.3525391,0.00021231417,344.74658,0.060641542,100,10.0
42,0.73828125,0.00012383646,781.54297,0.17162123,100,10.0
43,1.1433105,0.0001838804,1567.165,0.2685623,100,10.0
44,0.8105469,0.0001117795,254.80786,0.06341983,100,10.0
45,1.2249756,0.00015648351,170.5625,0.03575403,100,10.0
46,0.33825684,5.4602395e-05,624.8649,0.54272753,100,10.0
47,1.5053711,0.00022543204,850.82153,0.38000304,100,10.0
48,0.72821045,0.00013127422,606.3316,0.44818994,100,10.0
49,1.2333984,0.00017841946,1442.1498,0.41955203,100,10.0
0,0.87683105,0.00014475528,999.7529,0.10185808,100,100.0
1,0.8701172,0.00010858375,248.6748,0.03262495,100,100.0
2,1.630127,0.0002591128,1020.4634,0.116743475,100,100.0
3,2.0258179,0.0003678898,1024.4321,0.22377656,100,100.0
4,2.1727295,0.00041880063,755.5078,0.12762573,100,100.0
5,1.5605469,0.0002177588,1316.5669,0.15403973,100,100.0
6,2.0871582,0.0003605552,320.46802,0.11814295,100,100.0
7,1.6309204,0.0002934878,1354.2788,0.28125784,100,100.0
8,0.7258301,0.00014195094,239.57959,0.060462378,100,100.0
9,0.80114746,0.00012321367,1758.0293,0.24306905,100,100.0
10,1.9841919,0.0003725178,882.14526,0.20867385,100,100.0
11,0.5819702,0.000105456646,503.28064,0.25387943,100,100.0
12,1.3027344,0.00019778487,442.85742,0.07764055,100,100.0
13,1.399292,0.00021260213,687.3081,0.13970713,100,100.0
14,0.9086914,0.00015369224,991.87695,0.13079193,100,100.0
15,0.96203613,0.0001291293,583.8806,0.13437247,100,100.0
16,0.756958,0.00010002635,386.38086,0.100782886,100,100.0
17,1.7802734,0.0002457859,323.33496,0.05109191,100,100.0
18,0.99658203,0.00018457591,284.29248,0.062988885,100,100.0
19,1.5938721,0.00022369657,682.30005,0.30551782,100,100.0
20,1.3000488,0.00022349769,2172.9414,0.24567595,100,100.0
21,4.102173,0.00066808873,1675.2666,0.17193206,100,100.0
22,8.407227,0.0012364776,1306.9595,0.22020741,100,100.0
23,0.7475586,0.00011850072,1267.6807,0.12626097,100,100.0
24,1.3265381,0.00018977464,904.66675,0.37230042,100,100.0
25,0.8583374,0.00015753243,466.00537,0.14681005,100,100.0
26,0.38708496,6.0891874e-05,388.9961,0.14922982,100,100.0
27,0.40802002,7.8998986e-05,870.76514,0.11893516,100,100.0
28,1.630249,0.00032876682,975.1211,0.11180852,100,100.0
29,1.0708008,0.00017473372,2614.6426,0.28914875,100,100.0
30,1.774292,0.0003124428,308.68652,0.0595586,100,100.0
31,0.9805908,0.00017555666,566.4071,0.4579868,100,100.0
32,0.46759033,8.134395e-05,798.6478,0.641285,100,100.0
33,1.5900879,0.00023348215,510.43115,0.22280271,100,100.0
34,1.2557983,0.00022533251,857.2252,0.36005214,100,100.0
35,1.5883789,0.00022623935,814.6621,0.24549574,100,100.0
36,0.689209,0.00011113285,1293.9587,0.27183,100,100.0
37,1.802002,0.00031780027,627.7256,0.16537718,100,100.0
38,0.8092041,0.00011622168,1947.8418,0.3160887,100,100.0
39,0.5963135,0.000112425216,428.32788,0.22755526,100,100.0
40,1.0313721,0.00017760425,947.71564,0.71229553,100,100.0
41,1.3530273,0.00021239082,344.7661,0.060644805,100,100.0
42,0.7384033,0.00012385695,781.55225,0.17162298,100,100.0
43,1.1429443,0.00018382151,1567.2275,0.26857236,100,100.0
44,0.80944824,0.00011162799,254.83423,0.06342619,100,100.0
45,1.2254639,0.0001565459,170.57568,0.035756677,100,100.0
46,0.33825684,5.4602395e-05,624.8978,0.5427474,100,100.0
47,1.5056152,0.00022546861,850.8618,0.38002008,100,100.0
48,0.7283325,0.00013129623,606.3939,0.44822735,100,100.0
49,1.2330322,0.00017836649,1442.2491,0.41957924,100,100.0
0,0.45495605,7.51083e-05,2128.2314,0.16908011,200,0.1
1,0.6196289,7.7324796e-05,535.71924,0.07666473,200,0.1
2,0.8208008,0.00013046835,2201.0352,0.19805442,200,0.1
3,0.81695557,0.00014835964,830.8972,0.19602856,200,0.1
4,26.544067,0.005116455,863.2202,0.13815771,200,0.1
5,0.7969971,0.00011121302,2390.0283,0.22745554,200,0.1
6,0.8410034,0.00014528279,370.8645,0.12500182,200,0.1
7,10.009949,0.0018013128,1000.66797,0.23786774,200,0.1
8,84.53815,0.016533166,462.26465,0.11824156,200,0.1
9,0.23852539,3.668437e-05,2346.957,0.27956823,200,0.1
10,3.6430664,0.0006839596,436.88184,0.122590765,200,0.1
11,0.2687378,4.869697e-05,489.79858,0.24386884,200,0.1
12,0.5864258,8.9032845e-05,699.63525,0.10036013,200,0.1
13,0.6092529,9.256715e-05,679.5073,0.11472132,200,0.1
14,0.5227661,8.841846e-05,1606.2251,0.17275365,200,0.1
15,0.49475098,6.640795e-05,245.5918,0.092500955,200,0.1
16,0.36828613,4.8666265e-05,230.98071,0.09644476,200,0.1
17,0.9855957,0.00013607209,773.083,0.10272915,200,0.1
18,19.418274,0.003596438,446.68457,0.09175452,200,0.1
19,0.71691895,0.000100618054,315.96606,0.1988606,200,0.1
20,0.87609863,0.00015061436,2638.0137,0.2873375,200,0.1
21,2.1323242,0.0003472749,3025.6387,0.26339522,200,0.1
22,2.4320068,0.00035768302,1417.8755,0.22147505,200,0.1
23,0.50756836,8.0458194e-05,2591.1826,0.20914668,200,0.1
24,0.46923828,6.7129266e-05,745.22156,0.3808695,200,0.1
25,0.48510742,8.9032765e-05,231.45105,0.14820343,200,0.1
26,0.21643066,3.404645e-05,381.28247,0.11781146,200,0.1
27,0.4066162,7.8727186e-05,1054.4951,0.15444101,200,0.1
28,3.111084,0.0006274018,1248.0381,0.14270389,200,0.1
29,0.45947266,7.497694e-05,3222.5205,0.32733768,200,0.1
30,2.7474365,0.00048380808,633.23047,0.09661439,200,0.1
31,0.41455078,7.4217656e-05,306.9347,0.3416669,200,0.1
32,0.29125977,5.066875e-05,480.43942,0.77424604,200,0.1
33,0.5246582,7.703871e-05,298.6975,0.13619527,200,0.1
34,0.30841064,5.5339253e-05,227.47961,0.19641995,200,0.1
35,0.8132324,0.000115832045,664.47266,0.2923795,200,0.1
36,0.2878418,4.6413617e-05,1068.0356,0.20703377,200,0.1
37,1.1101074,0.00019577805,577.91943,0.13432933,200,0.1
38,0.48815918,7.011171e-05,2275.8677,0.36263385,200,0.1
39,0.28894043,5.4475026e-05,267.17163,0.24244955,200,0.1
40,0.5158081,8.8823144e-05,360.7669,0.5532078,200,0.1
41,0.7418213,0.000116447045,644.1084,0.091022655,200,0.1
42,0.3557129,5.966592e-05,1025.5591,0.18470263,200,0.1
43,0.8112793,0.00013047931,2009.4663,0.30388308,200,0.1
44,0.44091797,6.0805356e-05,282.81982,0.071313955,200,0.1
45,0.65270996,8.3379906e-05,235.3501,0.07064379,200,0.1
46,0.20458984,3.302548e-05,334.3835,0.4053798,200,0.1
47,0.99035645,0.00014830766,935.57153,0.5501057,200,0.1
48,0.34399414,6.201169e-05,338.2245,0.45605296,200,0.1
49,0.5574951,8.0645455e-05,1297.0525,0.49114218,200,0.1
0,0.81848145,0.00013512239,2218.6768,0.17558673,200,1.0
1,0.90075684,0.00011240734,569.9414,0.08111,200,1.0
2,1.6318359,0.00025938443,2254.8164,0.20201254,200,1.0
3,2.156128,0.00039155417,1016.3867,0.23638265,200,1.0
4,2.494812,0.00048088306,1077.9238,0.17119628,200,1.0
5,1.4219971,0.00019842557,2457.3203,0.23296961,200,1.0
6,2.0437622,0.00035305857,424.15747,0.14054075,200,1.0
7,1.600708,0.000288051,1208.9377,0.28440967,200,1.0
8,80.98779,0.015838822,686.5154,0.17353483,200,1.0
9,0.7766113,0.000119440105,2456.7397,0.28970784,200,1.0
10,2.052124,0.00038527156,447.84814,0.12339775,200,1.0
11,0.5909424,0.00010708246,571.4138,0.27322224,200,1.0
12,1.2272949,0.00018633144,756.85547,0.10747013,200,1.0
13,1.3988037,0.00021252794,735.88574,0.12318379,200,1.0
14,0.9038086,0.00015286639,1725.5483,0.18395536,200,1.0
15,0.9560547,0.00012832644,325.6272,0.118750155,200,1.0
16,0.7624512,0.00010075223,302.3457,0.1214251,200,1.0
17,1.8557129,0.00025620114,785.96094,0.10402144,200,1.0
18,1.0570068,0.00019576712,521.9331,0.10548506,200,1.0
19,1.5418701,0.0002163982,374.09363,0.22721502,200,1.0
20,1.3659668,0.00023482996,2959.0854,0.3199789,200,1.0
21,4.130615,0.0006727209,3112.1055,0.2699466,200,1.0
22,8.968506,0.0013190268,1449.2075,0.22528785,200,1.0
23,0.7203369,0.00011418562,2698.8623,0.21672365,200,1.0
24,1.3085938,0.00018720752,805.25415,0.4008425,200,1.0
25,1.2793579,0.00023480318,463.86438,0.2881843,200,1.0
26,0.3955078,6.221686e-05,429.22607,0.13062045,200,1.0
27,0.44384766,8.593577e-05,1223.9717,0.17743441,200,1.0
28,1.7398682,0.00035087334,1321.4004,0.15069063,200,1.0
29,1.0240479,0.00016710456,3341.1953,0.3380068,200,1.0
30,1.7347412,0.00030547814,667.5967,0.10104054,200,1.0
31,1.0057373,0.00018005868,353.17145,0.37902957,200,1.0
32,0.49536133,8.61751e-05,575.9785,0.82660985,200,1.0
33,1.6015625,0.00023516703,354.6853,0.15771338,200,1.0
34,1.2687378,0.00022765428,273.76556,0.22305718,200,1.0
35,1.4667969,0.00020892192,754.0321,0.32375163,200,1.0
36,0.6154785,9.924404e-05,1088.5864,0.20979604,200,1.0
37,1.7874756,0.0003152384,612.6526,0.14126566,200,1.0
38,0.8763428,0.00012586445,2436.415,0.38450554,200,1.0
39,0.5604248,0.00010565899,333.7201,0.28809547,200,1.0
40,1.0130615,0.00017445114,437.15854,0.5988214,200,1.0
41,1.3413086,0.00021055127,691.95557,0.096886724,200,1.0
42,0.73876953,0.00012391838,1057.4761,0.18927787,200,1.0
43,1.1184082,0.00017987532,2093.065,0.31370115,200,1.0
44,0.76049805,0.00010487745,329.78296,0.08206712,200,1.0
45,1.1838379,0.0001512284,285.32666,0.08408086,200,1.0
46,0.32312012,5.215898e-05,419.35788,0.4646704,200,1.0
47,1.487793,0.00022279969,1005.92334,0.58168745,200,1.0
48,0.6975708,0.00012575083,440.84308,0.5307347,200,1.0
49,1.1313477,0.00016365713,1482.8127,0.5494375,200,1.0
0,0.8409424,0.00013883045,2220.6895,0.17573236,200,10.0
1,0.91638184,0.000114357215,570.9824,0.08124951,200,10.0
2,1.6757812,0.00026636967,2256.4082,0.2021359,200,10.0
3,2.274475,0.0004130461,1020.2031,0.23718749,200,10.0
4,2.5396118,0.0004895184,1079.7759,0.17146392,200,10.0
5,1.4389648,0.00020079325,2458.838,0.23309496,200,10.0
6,2.1517334,0.0003717105,425.6211,0.14095984,200,10.0
7,1.7434692,0.0003137412,1213.4824,0.28541493,200,10.0
8,0.8845825,0.00017299823,378.46802,0.095636524,200,10.0
9,0.80908203,0.00012443398,2459.9424,0.29000542,200,10.0
10,2.249878,0.00042239844,449.0464,0.12366624,200,10.0
11,0.60095215,0.00010889629,573.5574,0.27396172,200,10.0
12,1.262085,0.00019161336,758.3003,0.107649945,200,10.0
13,1.4295654,0.00021720174,737.1763,0.12337641,200,10.0
14,0.9536133,0.00016129014,1728.706,0.18424931,200,10.0
15,0.96728516,0.00012983385,328.00586,0.119515985,200,10.0
16,0.7774658,0.0001027363,304.63867,0.12221141,200,10.0
17,1.9060059,0.0002631446,786.1968,0.10404402,200,10.0
18,1.0684204,0.00019788102,524.83154,0.106020965,200,10.0
19,1.5838623,0.00022229172,375.55505,0.22788578,200,10.0
20,1.3840332,0.00023793585,2964.6729,0.3205244,200,10.0
21,4.366699,0.00071117,3114.3164,0.27011728,200,10.0
22,9.484131,0.0013948614,1450.9126,0.22552702,200,10.0
23,0.7290039,0.00011555949,2701.5605,0.21691312,200,10.0
24,1.3820801,0.0001977205,806.4249,0.40117872,200,10.0
25,1.3977051,0.0002565237,469.31262,0.29139957,200,10.0
26,0.40075684,6.304258e-05,430.3181,0.13090825,200,10.0
27,0.44812012,8.676298e-05,1227.874,0.17795102,200,10.0
28,1.87854,0.00037883883,1323.3652,0.15090801,200,10.0
29,1.0620117,0.00017329952,3344.1113,0.33827353,200,10.0
30,1.8110352,0.00031891308,668.72754,0.101194456,200,10.0
31,1.0296631,0.00018434215,354.26184,0.3799388,200,10.0
32,0.508667,8.848981e-05,578.25287,0.82750946,200,10.0
33,1.6459961,0.00024169148,356.187,0.15827784,200,10.0
34,1.3821411,0.00024800265,275.0207,0.22376665,200,10.0
35,1.4969482,0.0002132165,756.0469,0.32442862,200,10.0
36,0.673584,0.00010861337,1088.7759,0.20981246,200,10.0
37,1.8270264,0.00032221354,613.30566,0.14139783,200,10.0
38,0.9154053,0.0001314748,2441.775,0.3852612,200,10.0
39,0.57214355,0.00010786837,335.4077,0.2892108,200,10.0
40,1.034668,0.00017817182,439.24307,0.599857,200,10.0
41,1.355957,0.0002128507,693.1924,0.09703803,200,10.0
42,0.75561523,0.00012674401,1058.168,0.18937491,200,10.0
43,1.1226807,0.00018056248,2094.959,0.31391668,200,10.0
44,0.78601074,0.00010839581,330.9485,0.08233128,200,10.0
45,1.2039795,0.00015380139,286.73804,0.08445857,200,10.0
46,0.33410645,5.3932425e-05,421.30072,0.46588892,200,10.0
47,1.5064697,0.00022559657,1007.1505,0.58220905,200,10.0
48,0.7092285,0.00012785236,443.67316,0.532498,200,10.0
49,1.1623535,0.00016814233,1486.1073,0.550383,200,10.0
0,0.84143066,0.00013891105,2220.709,0.17573376,200,100.0
1,0.91711426,0.000114448616,570.99316,0.08125096,200,100.0
2,1.6750488,0.00026625322,2256.4258,0.20213726,200,100.0
3,2.2751465,0.00041316802,1020.2417,0.2371956,200,100.0
4,2.539856,0.0004895654,1079.7954,0.17146675,200,100.0
5,1.4385986,0.00020074214,2458.854,0.23309629,200,100.0
6,2.1533203,0.00037198464,425.636,0.1409641,200,100.0
7,1.744812,0.00031398283,1213.5283,0.2854251,200,100.0
8,0.8834839,0.00017278337,378.5913,0.095667355,200,100.0
9,0.8095703,0.00012450908,2459.9756,0.29000852,200,100.0
10,2.251648,0.00042273075,449.05884,0.12366903,200,100.0
11,0.6005249,0.000108818866,573.5791,0.2739692,200,100.0
12,1.2624512,0.00019166895,758.3135,0.10765156,200,100.0
13,1.4315186,0.00021749848,737.18994,0.12337845,200,100.0
14,0.95544434,0.00016159983,1728.7393,0.18425241,200,100.0
15,0.9678955,0.00012991577,328.03027,0.119523816,200,100.0
16,0.7774658,0.0001027363,304.66284,0.122219734,200,100.0
17,1.9052734,0.0002630435,786.1992,0.10404425,200,100.0
18,1.0679321,0.00019779059,524.8594,0.10602609,200,100.0
19,1.5836182,0.00022225745,375.5702,0.22789279,200,100.0
20,1.3839111,0.00023791486,2964.728,0.32052976,200,100.0
21,4.369873,0.0007116869,3114.3389,0.270119,200,100.0
22,9.488281,0.0013954719,1450.9297,0.2255294,200,100.0
23,0.7286377,0.00011550144,2701.5898,0.21691519,200,100.0
24,1.3825684,0.00019779034,806.43665,0.401182,200,100.0
25,1.3995361,0.00025685976,469.36194,0.29142848,200,100.0
26,0.39916992,6.279295e-05,430.3291,0.13091114,200,100.0
27,0.4486084,8.685752e-05,1227.9146,0.17795637,200,100.0
28,1.8793945,0.00037901115,1323.3853,0.15091023,200,100.0
29,1.0626221,0.00017339911,3344.1401,0.33827615,200,100.0
30,1.8110352,0.00031891308,668.7383,0.10119591,200,100.0
31,1.0303955,0.00018447326,354.2729,0.37994808,200,100.0
32,0.508667,8.848981e-05,578.276,0.82751846,200,100.0
33,1.6479492,0.00024197827,356.2025,0.15828367,200,100.0
34,1.3829346,0.00024814502,275.03296,0.22377345,200,100.0
35,1.4975586,0.00021330344,756.0681,0.32443586,200,100.0
36,0.67407227,0.000108692104,1088.7778,0.20981264,200,100.0
37,1.8278809,0.00032236424,613.312,0.1413991,200,100.0
38,0.91638184,0.00013161504,2441.8293,0.3852689,200,100.0
39,0.5718384,0.00010781084,335.42603,0.2892231,200,100.0
40,1.0343628,0.00017811925,439.26447,0.5998677,200,100.0
41,1.3560791,0.00021286987,693.2036,0.09703938,200,100.0
42,0.75634766,0.00012686686,1058.1753,0.18937595,200,100.0
43,1.1226807,0.00018056248,2094.978,0.31391886,200,100.0
44,0.7858887,0.000108378976,330.95996,0.08233387,200,100.0
45,1.2047119,0.00015389494,286.7527,0.084462486,200,100.0
46,0.335083,5.4090066e-05,421.32037,0.4659012,200,100.0
47,1.5059814,0.00022552344,1007.1631,0.5822144,200,100.0
48,0.7092285,0.00012785236,443.70215,0.53251606,200,100.0
49,1.1617432,0.00016805404,1486.1406,0.55039245,200,100.0
0,0.47961426,7.91791e-05,3455.9512,0.25212306,300,0.1
1,0.54797363,6.838278e-05,1906.1914,0.30642617,300,0.1
2,0.86328125,0.00013722073,3358.2402,0.27738914,300,0.1
3,4.8709106,0.0008845604,1222.7849,0.30521446,300,0.1
4,52.566895,0.0101324385,1361.6318,0.22246207,300,0.1
5,0.8647461,0.00012066672,3819.2065,0.33759126,300,0.1
6,0.8453369,0.0001460314,669.2988,0.20969827,300,0.1
7,36.5047,0.0065691024,1187.1062,0.30960274,300,0.1
8,185.61517,0.03630085,1139.1289,0.29566178,300,0.1
9,0.24230957,3.7266364e-05,3097.2515,0.35318756,300,0.1
10,15.827637,0.0029715253,742.12964,0.22698207,300,0.1
11,0.69073486,0.00012516548,755.1061,0.38102168,300,0.1
12,0.57214355,8.686448e-05,1420.4248,0.18303533,300,0.1
13,0.6143799,9.334611e-05,1290.8291,0.19826438,300,0.1
14,0.4882202,8.257551e-05,2518.8877,0.25103602,300,0.1
15,0.5202637,6.983239e-05,759.17456,0.4277417,300,0.1
16,0.3668213,4.8472695e-05,760.70386,0.49661136,300,0.1
17,1.0550537,0.00014566151,1781.2627,0.21788223,300,0.1
18,18.458008,0.0034185883,896.0659,0.17270191,300,0.1
19,0.7213135,0.00010123482,542.9791,0.42005336,300,0.1
20,0.88342285,0.0001518735,3319.9,0.36902955,300,0.1
21,2.0529785,0.00033435252,3988.35,0.33335716,300,0.1
22,2.8562012,0.00042007063,2095.4966,0.31929392,300,0.1
23,0.51708984,8.196751e-05,3865.9727,0.289084,300,0.1
24,0.47729492,6.828185e-05,1055.6796,0.57416534,300,0.1
25,16.775757,0.003078889,347.98315,0.3613069,300,0.1
26,0.22290039,3.5064193e-05,663.4304,0.18242542,300,0.1
27,47.0354,0.00910678,1559.5195,0.2488939,300,0.1
28,25.059814,0.0050537284,2069.581,0.24797244,300,0.1
29,0.45629883,7.4459036e-05,3890.4297,0.38936946,300,0.1
30,0.6533203,0.00011504602,1296.4609,0.17839395,300,0.1
31,0.47613525,8.524321e-05,401.7943,0.47922957,300,0.1
32,0.29223633,5.083864e-05,482.2287,1.0322936,300,0.1
33,0.52563477,7.718211e-05,544.29663,0.23569453,300,0.1
34,0.30804443,5.5273544e-05,200.30756,0.27423725,300,0.1
35,0.87475586,0.00012459508,1048.7281,0.57287276,300,0.1
36,0.28100586,4.5311343e-05,1464.064,0.2621208,300,0.1
37,1.1516113,0.00020309766,996.01953,0.21129833,300,0.1
38,0.5548096,7.9684345e-05,2983.7717,0.48241356,300,0.1
39,0.2993164,5.6431247e-05,537.8189,0.7199584,300,0.1
40,0.50842285,8.7551394e-05,375.53745,0.6608105,300,0.1
41,0.697876,0.000109548746,1296.1182,0.16193098,300,0.1
42,0.36975098,6.202061e-05,1563.2896,0.25876898,300,0.1
43,0.7886963,0.00012684724,2536.9248,0.36996335,300,0.1
44,0.45336914,6.252245e-05,869.98486,0.22371317,300,0.1
45,0.5777588,7.380533e-05,1084.6604,0.47320563,300,0.1
46,0.20727539,3.345899e-05,362.16812,0.4535439,300,0.1
47,0.9971924,0.00014933136,1013.907,0.70526046,300,0.1
48,2.1705322,0.00039128104,412.63727,0.69539315,300,0.1
49,0.5637207,8.154603e-05,1612.9758,0.69836515,300,0.1
0,0.8060303,0.00013306685,3478.7627,0.2528893,300,1.0
1,0.9248047,0.00011540832,1939.9272,0.30990878,300,1.0
2,1.7138672,0.0002724235,3405.246,0.2801499,300,1.0
3,2.4887695,0.0004519621,1357.8618,0.33383924,300,1.0
4,2.798462,0.00053941255,1828.855,0.2964551,300,1.0
5,1.5185547,0.00021189921,3871.505,0.34100413,300,1.0
6,2.0653076,0.0003567805,715.7859,0.22072473,300,1.0
7,1.7501831,0.00031494937,1441.7825,0.3717702,300,1.0
8,122.06641,0.023872586,1445.292,0.37064624,300,1.0
9,0.8359375,0.00012856426,3187.5854,0.3599941,300,1.0
10,2.182495,0.0004097478,778.7058,0.2334869,300,1.0
11,0.5986328,0.00010847601,836.30334,0.40504244,300,1.0
12,1.2453613,0.00018907433,1486.5488,0.1898139,300,1.0
13,1.447876,0.00021998376,1342.0635,0.20453867,300,1.0
14,0.98187256,0.00016606979,2606.0674,0.25760698,300,1.0
15,0.9659424,0.00012965362,837.1426,0.4496066,300,1.0
16,0.7750244,0.000102413695,841.32764,0.5171631,300,1.0
17,1.9248047,0.00026574,1804.1436,0.21986586,300,1.0
18,1.2061768,0.00022339473,981.43604,0.18629476,300,1.0
19,1.5726318,0.00022071555,598.82764,0.4435132,300,1.0
20,1.3999023,0.00024066398,3384.5142,0.37343642,300,1.0
21,4.2924805,0.0006990826,4028.7217,0.3355668,300,1.0
22,10.585449,0.0015568358,2122.5317,0.32190606,300,1.0
23,0.72961426,0.000115656236,3927.873,0.29232016,300,1.0
24,1.3105469,0.00018748695,1107.8558,0.5858865,300,1.0
25,1.5528564,0.00028499894,529.5617,0.5237885,300,1.0
26,0.41137695,6.471322e-05,711.4866,0.19300318,300,1.0
27,0.4888916,9.465697e-05,1875.6392,0.29602206,300,1.0
28,2.1359863,0.00043075715,2268.0728,0.27099824,300,1.0
29,1.0373535,0.00016927578,3904.7197,0.38922748,300,1.0
30,1.8893433,0.00033270268,1348.5469,0.18421724,300,1.0
31,1.0227661,0.00018310736,431.9619,0.49545407,300,1.0
32,0.4968872,8.644055e-05,559.44543,1.0295022,300,1.0
33,1.6381836,0.00024054432,596.1741,0.25207165,300,1.0
34,1.3292847,0.00023851843,249.92444,0.3125533,300,1.0
35,1.475708,0.00021019117,1094.954,0.58024484,300,1.0
36,0.6184082,9.9716446e-05,1483.4844,0.26417732,300,1.0
37,1.8292847,0.00032261183,1030.1951,0.21695481,300,1.0
38,0.9779053,0.00014045133,3052.2808,0.48870572,300,1.0
39,0.5517578,0.00010402497,594.1089,0.73948187,300,1.0
40,1.0162354,0.00017499768,425.64886,0.65870184,300,1.0
41,1.315918,0.0002065656,1348.9336,0.16716051,300,1.0
42,0.7442627,0.00012483977,1590.5859,0.26179615,300,1.0
43,1.1068115,0.00017801022,2582.48,0.37336537,300,1.0
44,0.77441406,0.00010679656,915.0298,0.23215543,300,1.0
45,1.1636963,0.00014865544,1134.4641,0.48190385,300,1.0
46,0.32128906,5.1863408e-05,425.62897,0.485795,300,1.0
47,1.4779053,0.00022131899,1043.3282,0.7115663,300,1.0
48,0.69799805,0.00012582785,514.7132,0.7542904,300,1.0
49,1.1225586,0.00016238572,1689.7454,0.7137139,300,1.0
0,0.8255615,0.00013629124,3479.3008,0.25291038,300,10.0
1,0.9399414,0.00011729726,1940.7441,0.3100023,300,10.0
2,1.7574463,0.00027935053,3406.4307,0.28022286,300,10.0
3,2.628357,0.00047731126,1359.3137,0.334073,300,10.0
4,2.758545,0.0005317184,1830.4858,0.29667267,300,10.0
5,1.534668,0.00021414766,3872.668,0.34108132,300,10.0
6,2.1798096,0.00037656067,717.12524,0.22104168,300,10.0
7,1.8905029,0.00034020023,1443.5911,0.37214532,300,10.0
8,119.171875,0.0233065,1058.4595,0.27135283,300,10.0
9,0.87353516,0.00013434664,3190.1362,0.36018693,300,10.0
10,2.394287,0.00044951023,780.376,0.23386075,300,10.0
11,0.60876465,0.000110311965,838.41455,0.4056369,300,10.0
12,1.2807617,0.00019444892,1488.1636,0.18997984,300,10.0
13,1.4818115,0.00022513977,1343.252,0.20468447,300,10.0
14,1.0380859,0.00017557749,2608.6094,0.25780284,300,10.0
15,0.977417,0.0001311938,839.36597,0.4502368,300,10.0
16,0.7906494,0.00010447842,843.708,0.51775384,300,10.0
17,1.9777832,0.00027305423,1804.6309,0.21990843,300,10.0
18,1.2087402,0.0002238695,983.8369,0.18666802,300,10.0
19,1.6171875,0.00022696884,600.36523,0.4441366,300,10.0
20,1.4177246,0.0002437279,3385.9731,0.37352753,300,10.0
21,4.534668,0.0007385258,4029.338,0.33559293,300,10.0
22,11.05127,0.0016253456,2123.288,0.3219847,300,10.0
23,0.7393799,0.000117204254,3929.2783,0.2923908,300,10.0
24,1.3806152,0.00019751093,1108.9619,0.5860887,300,10.0
25,1.6837158,0.00030901583,531.63354,0.5253512,300,10.0
26,0.4152832,6.532771e-05,712.5781,0.19324069,300,10.0
27,0.48718262,9.432609e-05,1878.3599,0.29636243,300,10.0
28,2.2695312,0.0004576887,2268.0693,0.27098522,300,10.0
29,1.0758057,0.00017555042,3905.5986,0.38928306,300,10.0
30,1.96344,0.00034575068,1349.7231,0.18434958,300,10.0
31,1.0471802,0.00018747825,432.45874,0.49566016,300,10.0
32,0.50891113,8.853228e-05,561.58514,1.0296671,300,10.0
33,1.6848145,0.0002473914,597.57544,0.25250748,300,10.0
34,1.4412231,0.00025860395,251.21765,0.31349716,300,10.0
35,1.505127,0.00021438143,1095.9681,0.58036715,300,10.0
36,0.6738281,0.00010865274,1483.7368,0.26419887,300,10.0
37,1.8717041,0.00033009288,1030.8384,0.21706446,300,10.0
38,1.0268555,0.00014748178,3054.5537,0.4889535,300,10.0
39,0.56396484,0.000106326406,595.6481,0.7401374,300,10.0
40,1.0360107,0.00017840305,427.2713,0.6589541,300,10.0
41,1.3310547,0.00020894167,1350.2856,0.1672947,300,10.0
42,0.7606201,0.00012758351,1591.2324,0.26186848,300,10.0
43,1.112915,0.00017899185,2583.539,0.37344006,300,10.0
44,0.7998047,0.00011029808,916.14795,0.23236462,300,10.0
45,1.1834717,0.00015118164,1135.8635,0.48218384,300,10.0
46,0.33166504,5.3538326e-05,427.13226,0.4865059,300,10.0
47,1.4957275,0.00022398791,1043.9574,0.7117243,300,10.0
48,0.7069092,0.00012743425,517.30206,0.7552463,300,10.0
49,1.1534424,0.00016685328,1690.9885,0.71383184,300,10.0
0,0.8277588,0.00013665398,3479.3047,0.25291047,300,100.0
1,0.9400635,0.0001173125,1940.752,0.31000313,300,100.0
2,1.7591553,0.00027962215,3406.4434,0.2802237,300,100.0
3,2.630188,0.00047764377,1359.3281,0.33407527,300,100.0
4,2.758667,0.00053174194,1830.4995,0.29667443,300,100.0
5,1.5354004,0.00021424987,3872.6782,0.341082,300,100.0
6,2.1814575,0.00037684533,717.13916,0.22104497,300,100.0
7,1.8917847,0.00034043088,1443.6091,0.37214905,300,100.0
8,119.10309,0.023293048,1046.8171,0.26836723,300,100.0
9,0.8737793,0.0001343842,3190.163,0.36018896,300,100.0
10,2.397461,0.0004501061,780.3933,0.23386467,300,100.0
11,0.60791016,0.000110157125,838.43616,0.40564293,300,100.0
12,1.2810059,0.00019448598,1488.1802,0.18998155,300,100.0
13,1.4835205,0.00022539943,1343.2646,0.20468603,300,100.0
14,1.0390625,0.00017574265,2608.6348,0.2578048,300,100.0
15,0.9777832,0.00013124295,839.3888,0.45024332,300,100.0
16,0.79016113,0.0001044139,843.73267,0.5177601,300,100.0
17,1.9785156,0.00027315537,1804.6377,0.21990906,300,100.0
18,1.2086792,0.00022385821,983.86084,0.18667169,300,100.0
19,1.6176758,0.00022703737,600.38025,0.44414252,300,100.0
20,1.4173584,0.00024366495,3385.9888,0.37352854,300,100.0
21,4.537964,0.00073906255,4029.3457,0.3355933,300,100.0
22,11.054932,0.0016258841,2123.2964,0.3219856,300,100.0
23,0.739624,0.000117242955,3929.292,0.29239148,300,100.0
24,1.3815918,0.00019765063,1108.9734,0.5860908,300,100.0
25,1.6849365,0.00030923987,531.65234,0.5253648,300,100.0
26,0.41540527,6.534691e-05,712.58887,0.19324301,300,100.0
27,0.4873047,9.434972e-05,1878.3882,0.29636598,300,100.0
28,2.2714844,0.0004580826,2268.0703,0.27098522,300,100.0
29,1.076416,0.00017565001,3905.6084,0.3892837,300,100.0
30,1.9647217,0.0003459764,1349.7349,0.1843509,300,100.0
31,1.046936,0.00018743455,432.4635,0.4956619,300,100.0
32,0.51000977,8.8723405e-05,561.60706,1.029669,300,100.0
33,1.685791,0.0002475348,597.5897,0.2525119,300,100.0
34,1.4419556,0.00025873538,251.23071,0.31350663,300,100.0
35,1.5056152,0.00021445098,1095.9784,0.58036834,300,100.0
36,0.67492676,0.00010882989,1483.7397,0.26419917,300,100.0
37,1.8708496,0.0003299422,1030.8447,0.21706553,300,100.0
38,1.0273438,0.00014755192,3054.5776,0.48895618,300,100.0
39,0.56359863,0.000106257365,595.6644,0.7401449,300,100.0
40,1.0360107,0.00017840305,427.28784,0.6589566,300,100.0
41,1.3304443,0.00020884586,1350.2979,0.16729587,300,100.0
42,0.76068115,0.00012759374,1591.2393,0.26186925,300,100.0
43,1.112915,0.00017899185,2583.5503,0.3734409,300,100.0
44,0.8000488,0.000110331755,916.1599,0.2323669,300,100.0
45,1.1846924,0.00015133758,1135.8782,0.48218685,300,100.0
46,0.33215332,5.3617146e-05,427.1477,0.48651332,300,100.0
47,1.4969482,0.00022417071,1043.9637,0.7117259,300,100.0
48,0.7069092,0.00012743425,517.3286,0.7552561,300,100.0
49,1.1535645,0.00016687093,1691.0011,0.71383303,300,100.0
